DROP TABLE IF EXISTS coffee_domestic_consumption;
DROP TABLE IF EXISTS coffee_export;
DROP TABLE IF EXISTS coffee_green_coffee_inventories;
DROP TABLE IF EXISTS coffee_import;
DROP TABLE IF EXISTS coffee_importers_consumption;
DROP TABLE IF EXISTS coffee_production;
DROP TABLE IF EXISTS coffee_re_export;


CREATE TABLE coffee_domestic_consumption (
    country text,
    coffee_type text,
    "1990_1991" bigint,
    "1991_1992" bigint,
    "1992_1993" bigint,
    "1993_1994" bigint,
    "1994_1995" bigint,
    "1995_1996" bigint,
    "1996_1997" bigint,
    "1997_1998" bigint,
    "1998_1999" bigint,
    "1999_2000" bigint,
    "2000_2001" bigint,
    "2001_2002" bigint,
    "2002_2003" bigint,
    "2003_2004" bigint,
    "2004_2005" bigint,
    "2005_2006" bigint,
    "2006_2007" bigint,
    "2007_2008" bigint,
    "2008_2009" bigint,
    "2009_2010" bigint,
    "2010_2011" bigint,
    "2011_2012" bigint,
    "2012_2013" bigint,
    "2013_2014" bigint,
    "2014_2015" bigint,
    "2015_2016" bigint,
    "2016_2017" bigint,
    "2017_2018" bigint,
    "2018_2019" bigint,
    "2019_2020" bigint,
    total_domestic_consumption bigint
);


CREATE TABLE coffee_export (
    country text,
    "1990" bigint,
    "1991" bigint,
    "1992" bigint,
    "1993" bigint,
    "1994" bigint,
    "1995" bigint,
    "1996" bigint,
    "1997" bigint,
    "1998" bigint,
    "1999" bigint,
    "2000" bigint,
    "2001" bigint,
    "2002" bigint,
    "2003" bigint,
    "2004" bigint,
    "2005" bigint,
    "2006" bigint,
    "2007" bigint,
    "2008" bigint,
    "2009" bigint,
    "2010" bigint,
    "2011" bigint,
    "2012" bigint,
    "2013" bigint,
    "2014" bigint,
    "2015" bigint,
    "2016" bigint,
    "2017" bigint,
    "2018" bigint,
    "2019" bigint,
    total_export bigint
);

CREATE TABLE coffee_green_coffee_inventories (
    country text,
    "1990" bigint,
    "1991" bigint,
    "1992" bigint,
    "1993" bigint,
    "1994" bigint,
    "1995" bigint,
    "1996" bigint,
    "1997" bigint,
    "1998" bigint,
    "1999" bigint,
    "2000" bigint,
    "2001" bigint,
    "2002" bigint,
    "2003" bigint,
    "2004" bigint,
    "2005" bigint,
    "2006" bigint,
    "2007" bigint,
    "2008" bigint,
    "2009" bigint,
    "2010" bigint,
    "2011" bigint,
    "2012" bigint,
    "2013" bigint,
    "2014" bigint,
    "2015" bigint,
    "2016" bigint,
    "2017" bigint,
    "2018" bigint,
    "2019" bigint,
    total_inventories bigint
);

CREATE TABLE coffee_import (
    country text,
    "1990" bigint,
    "1991" bigint,
    "1992" bigint,
    "1993" bigint,
    "1994" bigint,
    "1995" bigint,
    "1996" bigint,
    "1997" bigint,
    "1998" bigint,
    "1999" bigint,
    "2000" bigint,
    "2001" bigint,
    "2002" bigint,
    "2003" bigint,
    "2004" bigint,
    "2005" bigint,
    "2006" bigint,
    "2007" bigint,
    "2008" bigint,
    "2009" bigint,
    "2010" bigint,
    "2011" bigint,
    "2012" bigint,
    "2013" bigint,
    "2014" bigint,
    "2015" bigint,
    "2016" bigint,
    "2017" bigint,
    "2018" bigint,
    "2019" bigint,
    total_import bigint
);


CREATE TABLE coffee_importers_consumption (
    country text,
    "1990" bigint,
    "1991" bigint,
    "1992" bigint,
    "1993" bigint,
    "1994" bigint,
    "1995" bigint,
    "1996" bigint,
    "1997" bigint,
    "1998" bigint,
    "1999" bigint,
    "2000" bigint,
    "2001" bigint,
    "2002" bigint,
    "2003" bigint,
    "2004" bigint,
    "2005" bigint,
    "2006" bigint,
    "2007" bigint,
    "2008" bigint,
    "2009" bigint,
    "2010" bigint,
    "2011" bigint,
    "2012" bigint,
    "2013" bigint,
    "2014" bigint,
    "2015" bigint,
    "2016" bigint,
    "2017" bigint,
    "2018" bigint,
    "2019" bigint,
    total_import_consumption bigint
);


CREATE TABLE coffee_production (
    country text,
    coffee_type text,
    "1990_1991" bigint,
    "1991_1992" bigint,
    "1992_1993" bigint,
    "1993_1994" bigint,
    "1994_1995" bigint,
    "1995_1996" bigint,
    "1996_1997" bigint,
    "1997_1998" bigint,
    "1998_1999" bigint,
    "1999_2000" bigint,
    "2000_2001" bigint,
    "2001_2002" bigint,
    "2002_2003" bigint,
    "2003_2004" bigint,
    "2004_2005" bigint,
    "2005_2006" bigint,
    "2006_2007" bigint,
    "2007_2008" bigint,
    "2008_2009" bigint,
    "2009_2010" bigint,
    "2010_2011" bigint,
    "2011_2012" bigint,
    "2012_2013" bigint,
    "2013_2014" bigint,
    "2014_2015" bigint,
    "2015_2016" bigint,
    "2016_2017" bigint,
    "2017_2018" bigint,
    "2018_2019" bigint,
    "2019_2020" bigint,
    total_production bigint
);


CREATE TABLE coffee_re_export (
    country text,
    "1990" bigint,
    "1991" bigint,
    "1992" bigint,
    "1993" bigint,
    "1994" bigint,
    "1995" bigint,
    "1996" bigint,
    "1997" bigint,
    "1998" bigint,
    "1999" bigint,
    "2000" bigint,
    "2001" bigint,
    "2002" bigint,
    "2003" bigint,
    "2004" bigint,
    "2005" bigint,
    "2006" bigint,
    "2007" bigint,
    "2008" bigint,
    "2009" bigint,
    "2010" bigint,
    "2011" bigint,
    "2012" bigint,
    "2013" bigint,
    "2014" bigint,
    "2015" bigint,
    "2016" bigint,
    "2017" bigint,
    "2018" bigint,
    "2019" bigint,
    total_re_export bigint
);


INSERT INTO coffee_domestic_consumption VALUES ('Angola', 'Robusta/Arabica', 1200000, 1800000, 2100000, 1200000, 1500000, 600000, 1200000, 2400000, 1800000, 1200000, 1200000, 1200000, 1200000, 900000, 900000, 900000, 1800000, 1800000, 1800000, 1800000, 1800000, 1800000, 1800000, 1800000, 1800000, 1800000, 1800000, 1800000, 1800000, 1800000, 46500000);
INSERT INTO coffee_domestic_consumption VALUES ('Bolivia (Plurinational State of)', 'Arabica', 1500000, 1620000, 1650000, 1710000, 1770000, 1830000, 1890000, 1950000, 1980000, 2040000, 2100000, 2190000, 2250000, 2310000, 2700000, 2460000, 2520000, 2610000, 2700000, 2760000, 2850000, 2940000, 3030000, 3120000, 3210000, 3300000, 3420000, 3510000, 3600000, 3660000, 75180000);
INSERT INTO coffee_domestic_consumption VALUES ('Brazil', 'Arabica/Robusta', 492000000, 510000000, 534000000, 546000000, 558000000, 606000000, 660000000, 690000000, 732000000, 762000000, 792000000, 815400000, 825000000, 852000000, 896760000, 932280000, 979860000, 1026600000, 1059600000, 1103400000, 1147920000, 1183200000, 1219800000, 1205100000, 1219980000, 1230480000, 1273500000, 1319820000, 1332000000, 1320000000, 27824700000);
INSERT INTO coffee_domestic_consumption VALUES ('Burundi', 'Arabica/Robusta', 120000, 96000, 102000, 114600, 120000, 120000, 120000, 120000, 120000, 120000, 120000, 120000, 120000, 120000, 120000, 114360, 93600, 81420, 86100, 83940, 120000, 120000, 120000, 120000, 120000, 120000, 120000, 120000, 120000, 120000, 3412020);
INSERT INTO coffee_domestic_consumption VALUES ('Ecuador', 'Arabica/Robusta', 21000000, 21000000, 21000000, 21000000, 21000000, 21000000, 18000000, 18000000, 18000000, 13800000, 12000000, 12000000, 9000000, 9000000, 9000000, 9000000, 9000000, 9000000, 9000000, 9000000, 9000000, 9000000, 9000000, 9300000, 9300000, 9300000, 9300000, 9300000, 9300000, 8940000, 381540000);
INSERT INTO coffee_domestic_consumption VALUES ('Indonesia', 'Robusta/Arabica', 74520000, 76800000, 79140000, 81540000, 84000000, 86580000, 89160000, 91920000, 94680000, 97560000, 100560000, 120000000, 106740000, 109980000, 120000000, 150000000, 169980000, 199980000, 199980000, 199980000, 199980000, 220020000, 234000000, 255000000, 265020000, 273000000, 279000000, 285000000, 288000000, 288360000, 4920480000);
INSERT INTO coffee_domestic_consumption VALUES ('Madagascar', 'Robusta', 21000000, 18000000, 21000000, 21600000, 9999960, 10020000, 10020000, 10020000, 10020000, 3360000, 5346000, 7680000, 13020000, 19980000, 28020000, 28020000, 28020000, 28020000, 28020000, 28020000, 28020000, 27000000, 25800000, 24600000, 23400000, 22200000, 21600000, 21900000, 22500000, 22500000, 588705960);
INSERT INTO coffee_domestic_consumption VALUES ('Malawi', 'Arabica', 120000, 120000, 120000, 120000, 120000, 120000, 120000, 120000, 120000, 60000, 60000, 60000, 60000, 60000, 60000, 60000, 60000, 60000, 60000, 60000, 60000, 60000, 60000, 60000, 60000, 60000, 60000, 60000, 60000, 60000, 2340000);
INSERT INTO coffee_domestic_consumption VALUES ('Papua New Guinea', 'Arabica/Robusta', 180000, 180000, 180000, 120000, 120000, 120000, 120000, 120000, 60000, 120000, 120000, 120000, 120000, 120000, 120000, 120000, 120000, 120000, 120000, 120000, 85800, 74160, 102660, 122340, 115440, 108000, 120000, 120000, 120000, 120000, 3608400);
INSERT INTO coffee_domestic_consumption VALUES ('Paraguay', 'Arabica', 900000, 900000, 900000, 1200000, 1200000, 1200000, 1200000, 1200000, 1200000, 1200000, 1200000, 1200000, 1200000, 1200000, 1200000, 1200000, 1200000, 1200000, 1200000, 1200000, 1200000, 1200000, 1200000, 1200000, 1200000, 1200000, 1200000, 1200000, 1200000, 1200000, 35100000);
INSERT INTO coffee_domestic_consumption VALUES ('Peru', 'Arabica', 11400000, 11400000, 12000000, 12000000, 12000000, 12000000, 12000000, 12000000, 12000000, 12000000, 12000000, 12000000, 13200000, 13200000, 13200000, 13200000, 13200000, 13200000, 15000000, 15000000, 15000000, 15000000, 15000000, 15000000, 15000000, 15000000, 15000000, 15000000, 15000000, 15000000, 402000000);
INSERT INTO coffee_domestic_consumption VALUES ('Rwanda', 'Arabica', 60000, 60000, 60000, 60000, 60000, 60000, 60000, 180000, 180000, 120000, 120000, 120000, 19980, 19980, 60000, 60000, 60000, 60000, 60000, 60000, 60000, 60000, 60000, 60000, 60000, 60000, 60000, 60000, 60000, 60000, 2139960);
INSERT INTO coffee_domestic_consumption VALUES ('Timor-Leste', 'Arabica', 0, 0, 0, 0, 0, 0, 0, 0, 0, 0, 0, 0, 0, 0, 0, 0, 0, 0, 0, 0, 29400, 29400, 29400, 29400, 29400, 29400, 29400, 29400, 29400, 29400, 294000);
INSERT INTO coffee_domestic_consumption VALUES ('Zimbabwe', 'Arabica', 480000, 480000, 480000, 499980, 499980, 396000, 240000, 240000, 240000, 240000, 240000, 240000, 240000, 240000, 240000, 240000, 240000, 240000, 240000, 240000, 240000, 240000, 240000, 240000, 240000, 240000, 240000, 240000, 240000, 240000, 8595960);
INSERT INTO coffee_domestic_consumption VALUES ('Congo', 'Robusta', 180000, 160020, 160020, 180000, 180000, 180000, 180000, 180000, 180000, 180000, 180000, 180000, 180000, 180000, 180000, 180000, 180000, 180000, 180000, 180000, 180000, 180000, 180000, 180000, 180000, 180000, 180000, 180000, 180000, 180000, 5360040);
INSERT INTO coffee_domestic_consumption VALUES ('Cuba', 'Arabica', 12780000, 12780000, 11700000, 11646000, 11640000, 11640000, 11340000, 11700000, 12000000, 12000000, 12780000, 13200000, 13440000, 13440000, 13440000, 13440000, 13440000, 13440000, 13200000, 13200000, 13200000, 13200000, 13200000, 13200000, 13200000, 13200000, 13200000, 13200000, 13200000, 12960000, 384006000);
INSERT INTO coffee_domestic_consumption VALUES ('Dominican Republic', 'Arabica/Robusta', 19200000, 19200000, 19200000, 19200000, 19800000, 21000000, 19500000, 19500000, 19500000, 19500000, 19500000, 20411880, 20411880, 20400000, 22679880, 22679880, 22679880, 22680000, 22680000, 22680000, 22680000, 22680000, 22680000, 22999980, 23280000, 23280000, 23400000, 23400000, 23400000, 22620000, 642823380);
INSERT INTO coffee_domestic_consumption VALUES ('Haiti', 'Arabica', 13200000, 19800000, 19800000, 19800000, 19800000, 19800000, 19800000, 19800000, 19800000, 20400000, 20400000, 20400000, 20400000, 20400000, 20400000, 20400000, 20400000, 20400000, 20400000, 20400000, 20400000, 20400000, 20400000, 20400000, 20400000, 20400000, 20400000, 20400000, 20700000, 20700000, 600600000);
INSERT INTO coffee_domestic_consumption VALUES ('Philippines', 'Robusta/Arabica', 43200000, 45000000, 45000000, 46200000, 47400000, 48600000, 49860000, 51180000, 48600000, 51720000, 49200000, 49260000, 49740000, 55020000, 61200000, 62400000, 63600000, 63600000, 103200000, 109200000, 127500000, 130500000, 139500000, 153000000, 168000000, 180000000, 181800000, 190800000, 198000000, 195000000, 2807280000);
INSERT INTO coffee_domestic_consumption VALUES ('Tanzania', 'Arabica/Robusta', 240000, 210000, 1152000, 1050000, 1050000, 816000, 996000, 1020000, 1020000, 840000, 900000, 900000, 900000, 1620000, 2220000, 2820000, 2820000, 2820000, 2820000, 2820000, 2820000, 3537000, 4302000, 4408020, 4603020, 5523000, 5478000, 5500020, 5520000, 5700000, 76425060);
INSERT INTO coffee_domestic_consumption VALUES ('Zambia', 'Arabica', 90000, 90000, 85920, 60000, 90000, 36000, 60000, 36000, 36000, 36000, 36000, 36000, 36000, 36000, 36000, 36000, 36000, 60000, 60000, 0, 0, 0, 0, 0, 0, 0, 0, 0, 0, 0, 991920);
INSERT INTO coffee_domestic_consumption VALUES ('Cameroon', 'Robusta/Arabica', 4998000, 4999980, 4999980, 6000000, 6000000, 6000000, 6000000, 6000000, 6000000, 6000000, 4500000, 4140000, 4140000, 4140000, 4140000, 4140000, 4140000, 4140000, 4140000, 4140000, 4099980, 4201020, 4303980, 4408980, 4519020, 4560000, 4620000, 4680000, 4680000, 4620000, 143450940);
INSERT INTO coffee_domestic_consumption VALUES ('Central African Republic', 'Robusta', 1680000, 1680000, 1680000, 1500000, 900000, 600000, 600000, 600000, 1140000, 1260000, 180000, 180000, 227220, 227220, 180000, 180000, 180000, 199980, 300000, 499980, 600000, 799980, 1000020, 1200000, 1200000, 1200000, 1200000, 1200000, 1200000, 1200000, 24794400);
INSERT INTO coffee_domestic_consumption VALUES ('Colombia', 'Arabica', 74100000, 76140000, 78180000, 80340000, 82500000, 81540000, 80580000, 79680000, 78720000, 77820000, 76920000, 76020000, 75120000, 74220000, 73380000, 72540000, 71677980, 76855380, 77430000, 76468740, 78661440, 86103900, 90854520, 97021200, 99927060, 103222380, 104186484, 107596260, 107484600, 121486440, 2536776384);
INSERT INTO coffee_domestic_consumption VALUES ('Costa Rica', 'Arabica', 22500000, 22500000, 22500000, 22500000, 22500000, 22500000, 22500000, 22500000, 22500000, 22500000, 22500000, 22500000, 22500000, 22500000, 22500000, 22500000, 22500000, 22500000, 16071540, 17726460, 24433260, 22853280, 25385820, 20103600, 22844520, 26929260, 19767420, 21200040, 21900000, 21120000, 665335200);
INSERT INTO coffee_domestic_consumption VALUES ('Côte d''Ivoire', 'Robusta', 3000000, 3000000, 3000000, 3000000, 3000000, 3000000, 3000000, 3000000, 3000000, 3000000, 19000020, 19000020, 19000020, 19000020, 19000020, 19000020, 19000020, 19020000, 19020000, 19020000, 19020000, 19020000, 19020000, 19020000, 19020000, 19020000, 19020000, 19020000, 19020000, 19020000, 410260140);
INSERT INTO coffee_domestic_consumption VALUES ('Democratic Republic of Congo', 'Robusta/Arabica', 12000000, 12000000, 12000000, 12000000, 12000000, 12000000, 12000000, 12000000, 12000000, 12000000, 12000000, 12000000, 12000000, 12000000, 12000000, 12000000, 12000000, 12000000, 12000000, 12000000, 12000000, 12000000, 12000000, 12000000, 12000000, 12000000, 12000000, 12000000, 12000000, 11880000, 359880000);
INSERT INTO coffee_domestic_consumption VALUES ('El Salvador', 'Arabica', 10800000, 10800000, 13800000, 13800000, 13800000, 16200000, 13800000, 11500020, 11500020, 9198000, 8640000, 9198000, 9198000, 9198000, 10350000, 13446000, 15228000, 15030000, 14658000, 16098000, 16560000, 16404000, 16596000, 16500000, 16800000, 17100000, 17520000, 18000000, 18000000, 17520000, 417242040);
INSERT INTO coffee_domestic_consumption VALUES ('Equatorial Guinea', 'Robusta', 0, 0, 0, 0, 0, 0, 0, 0, 0, 0, 0, 0, 0, 0, 0, 0, 0, 0, 0, 0, 0, 0, 0, 0, 0, 0, 0, 0, 0, 0, 0);
INSERT INTO coffee_domestic_consumption VALUES ('Ethiopia', 'Arabica', 72000000, 75840000, 79860000, 84120000, 88560000, 93300000, 98220000, 103440000, 108960000, 114720000, 120840000, 127260000, 134040000, 141180000, 148680000, 156540000, 164880000, 173640000, 182880000, 186540000, 190260000, 194100000, 197940000, 201900000, 205980000, 210060000, 214260000, 218580000, 221100000, 226860000, 4536540000);
INSERT INTO coffee_domestic_consumption VALUES ('Gabon', 'Robusta', 102000, 60000, 48000, 48000, 60000, 48000, 49980, 48000, 48000, 42900, 18000, 18000, 18000, 18000, 18000, 18000, 18000, 18000, 16500, 15000, 56820, 61920, 58020, 34980, 31020, 30000, 30000, 30000, 30000, 30000, 1123140);
INSERT INTO coffee_domestic_consumption VALUES ('Ghana', 'Robusta', 1020000, 1020000, 1020000, 1020000, 1680000, 1680000, 180000, 180000, 60000, 60000, 60000, 60000, 60000, 60000, 95400, 95400, 60000, 120000, 120000, 120000, 120000, 120000, 120000, 120000, 120000, 120000, 120000, 120000, 120000, 120000, 9970800);
INSERT INTO coffee_domestic_consumption VALUES ('Guatemala', 'Arabica/Robusta', 18000000, 18000000, 18000000, 18600000, 18600000, 18600000, 18000000, 18000000, 18000000, 18000000, 18000000, 18000000, 18000000, 18000000, 18000000, 18000000, 18000000, 18000000, 20100000, 19200000, 20400000, 21000000, 21600000, 22200000, 22800000, 23400000, 23400000, 23700000, 23700000, 23580000, 590880000);
INSERT INTO coffee_domestic_consumption VALUES ('Guinea', 'Robusta', 1500000, 1500000, 3750000, 1980000, 3000000, 3000000, 3000000, 3000000, 3000000, 3000000, 3000000, 3000000, 3000000, 3000000, 3000000, 3000000, 3000000, 3000000, 3000000, 3000000, 3000000, 3000000, 3000000, 3000000, 3000000, 3000000, 3000000, 3000000, 3000000, 3000000, 86730000);
INSERT INTO coffee_domestic_consumption VALUES ('Guyana', 'Robusta', 0, 0, 0, 0, 0, 0, 0, 0, 292020, 261000, 112980, 250020, 261000, 285000, 330000, 336000, 343020, 420000, 508020, 493980, 510000, 516000, 522000, 528000, 534000, 540000, 540000, 540000, 540000, 540000, 9203040);
INSERT INTO coffee_domestic_consumption VALUES ('Honduras', 'Arabica', 11289240, 15426000, 14400000, 13800000, 15180000, 9660000, 10075440, 9660000, 8280000, 10080000, 13800000, 12000000, 12000000, 12000000, 13800000, 13800000, 13800000, 14700000, 16099980, 18400020, 20100000, 20400000, 20700000, 21000000, 21300000, 21900000, 22200000, 22500000, 22500000, 21000000, 471850680);
INSERT INTO coffee_domestic_consumption VALUES ('India', 'Robusta/Arabica', 54180000, 55000020, 55020000, 49999980, 50100000, 50220000, 50280000, 50340000, 54000000, 55500000, 58500000, 64020000, 67980000, 70020000, 72120000, 74280000, 76500000, 81000000, 76500000, 79500000, 79500000, 79500000, 82500000, 84000000, 85800000, 87000000, 86400000, 88200000, 88500000, 87000000, 2093460000);
INSERT INTO coffee_domestic_consumption VALUES ('Jamaica', 'Arabica', 420000, 660000, 360000, 576000, 900000, 900000, 1080000, 1200000, 888000, 660000, 724020, 600000, 540000, 540000, 540000, 540000, 540000, 540000, 540000, 540000, 540000, 540000, 540000, 540000, 540000, 540000, 540000, 540000, 540000, 540000, 18688020);
INSERT INTO coffee_domestic_consumption VALUES ('Kenya', 'Arabica', 3000000, 3000000, 3000000, 3000000, 3000000, 3000000, 3000000, 3000000, 3000000, 3000000, 3000000, 3000000, 3000000, 3000000, 3000000, 3000000, 3000000, 3000000, 3000000, 3000000, 3000000, 3000000, 3000000, 3300000, 3300000, 3600000, 3600000, 3900000, 4200000, 4290000, 95190000);
INSERT INTO coffee_domestic_consumption VALUES ('Lao People''s Democratic Republic', 'Robusta', 0, 0, 0, 0, 0, 0, 0, 0, 0, 0, 0, 0, 9480000, 6180000, 8100000, 8400000, 8400000, 8400000, 9000000, 9000000, 9000000, 9000000, 9000000, 9000000, 9000000, 9000000, 9000000, 9300000, 9300000, 9420000, 157980000);
INSERT INTO coffee_domestic_consumption VALUES ('Liberia', 'Robusta', 180000, 180000, 180000, 300000, 300000, 300000, 300000, 300000, 300000, 300000, 300000, 300000, 300000, 300000, 300000, 300000, 300000, 300000, 300000, 300000, 300000, 300000, 300000, 300000, 300000, 300000, 300000, 300000, 300000, 300000, 8640000);
INSERT INTO coffee_domestic_consumption VALUES ('Mexico', 'Arabica/Robusta', 82440000, 72000000, 78000000, 64200000, 61200000, 70740000, 74100000, 72060000, 66480000, 69000000, 78300000, 90000000, 90000000, 90000000, 90000000, 103500000, 120000000, 132000000, 132000000, 132000000, 141240000, 141240000, 141240000, 139260000, 140820000, 139740000, 141600000, 144000000, 147000000, 145500000, 3189660000);
INSERT INTO coffee_domestic_consumption VALUES ('Nepal', 'Arabica', 0, 0, 0, 0, 0, 0, 0, 0, 0, 0, 0, 0, 0, 0, 0, 0, 0, 0, 0, 0, 0, 0, 0, 0, 0, 0, 0, 0, 0, 0, 0);
INSERT INTO coffee_domestic_consumption VALUES ('Nicaragua', 'Arabica', 2040000, 8280000, 3936000, 6534000, 5376000, 6690000, 5722200, 7380000, 7590000, 7818000, 10495800, 10639380, 10777440, 10914900, 11056680, 11203140, 11351100, 11498700, 11648820, 11797320, 12164700, 12315660, 12471840, 12573660, 12704520, 12836760, 13003680, 13080000, 13200000, 12600000, 299700300);
INSERT INTO coffee_domestic_consumption VALUES ('Nigeria', 'Robusta', 1650000, 2145000, 2145000, 2400000, 2400000, 2400000, 2400000, 2400000, 2400000, 2400000, 2400000, 2400000, 2400000, 2400000, 2400000, 2400000, 2400000, 2400000, 2400000, 2400000, 2400000, 2400000, 2400000, 2400000, 2400000, 2400000, 2400000, 2400000, 2400000, 2400000, 70740000);
INSERT INTO coffee_domestic_consumption VALUES ('Panama', 'Arabica', 3780000, 4020000, 4020000, 4020000, 4600020, 4600020, 4600020, 4836900, 4020000, 4020000, 4020000, 4020000, 4020000, 4020000, 4020000, 4020000, 4020000, 4020000, 4020000, 4020000, 4020000, 4020000, 4020000, 4020000, 4020000, 4020000, 4020000, 4020000, 4020000, 4020000, 122916960);
INSERT INTO coffee_domestic_consumption VALUES ('Sierra Leone', 'Robusta', 540000, 540000, 540000, 300000, 300000, 480000, 480000, 300000, 300000, 300000, 300000, 300000, 300000, 300000, 300000, 300000, 300000, 300000, 300000, 300000, 300000, 300000, 300000, 300000, 300000, 300000, 300000, 300000, 300000, 300000, 10080000);
INSERT INTO coffee_domestic_consumption VALUES ('Sri Lanka', 'Robusta/Arabica', 4000020, 4020000, 1680000, 1200000, 1200000, 1200000, 1200000, 1200000, 1800000, 1800000, 1800000, 1800000, 1800000, 1800000, 1800000, 1800000, 1800000, 1800000, 1800000, 1800000, 2100000, 2100000, 2100000, 2100000, 2100000, 2100000, 2100000, 2100000, 2100000, 2100000, 58300020);
INSERT INTO coffee_domestic_consumption VALUES ('Thailand', 'Robusta/Arabica', 11280000, 13200000, 13980000, 15000000, 16980000, 25020000, 19980000, 23400000, 25980000, 25980000, 30000000, 30000000, 30000000, 30000000, 30000000, 30000000, 30000000, 33000000, 36000000, 42000000, 46500000, 66000000, 67800000, 72000000, 75000000, 78000000, 81000000, 82500000, 84000000, 84000000, 1248600000);
INSERT INTO coffee_domestic_consumption VALUES ('Togo', 'Robusta', 60000, 60000, 60000, 60000, 60000, 60000, 60000, 60000, 120000, 120000, 120000, 120000, 120000, 120000, 120000, 120000, 120000, 120000, 120000, 120000, 120000, 12600, 14520, 14280, 11700, 13200, 15240, 15240, 15240, 15600, 2167620);
INSERT INTO coffee_domestic_consumption VALUES ('Trinidad & Tobago', 'Robusta', 480000, 690000, 600000, 600000, 840000, 840000, 840000, 840000, 840000, 840000, 840000, 840000, 840000, 840000, 840000, 840000, 660000, 660000, 660000, 660000, 600000, 600000, 600000, 600000, 600000, 600000, 600000, 600000, 600000, 600000, 21090000);
INSERT INTO coffee_domestic_consumption VALUES ('Uganda', 'Robusta/Arabica', 4200000, 4500000, 4500000, 4500000, 4800000, 4800000, 4800000, 6071400, 6960000, 7140000, 8520000, 8460000, 8400000, 7860000, 8400000, 9000000, 10500000, 10815000, 11100000, 11322000, 12240000, 12600000, 12960000, 13248000, 13752000, 14040000, 14400000, 14688000, 15000000, 15240000, 284816400);
INSERT INTO coffee_domestic_consumption VALUES ('Venezuela', 'Arabica', 46943400, 48928800, 50998200, 53155800, 55404000, 57747600, 60190800, 62736599, 65390400, 68156400, 71039400, 74044200, 77176200, 80440800, 83843400, 87390000, 91086600, 94939800, 98955600, 99000000, 99000000, 99000000, 99000000, 99000000, 99000000, 99000000, 99000000, 96000000, 93000000, 76500000, 2386067999);
INSERT INTO coffee_domestic_consumption VALUES ('Viet Nam', 'Robusta/Arabica', 9000000, 13800000, 15000000, 16020000, 16020000, 16910700, 17850960, 18843480, 19891140, 21000000, 24097500, 27651900, 31130520, 36410760, 41781360, 48000000, 55020000, 56280000, 61260000, 72480000, 94980000, 99000000, 109500000, 120000000, 132000000, 138000000, 144000000, 150000000, 156000000, 159000000, 1920928320);
INSERT INTO coffee_domestic_consumption VALUES ('Yemen', 'Arabica', 0, 0, 0, 0, 0, 0, 0, 0, 0, 0, 0, 0, 0, 8760000, 8160000, 8280000, 8280000, 7800000, 7800000, 7800000, 7800000, 7800000, 7800000, 7800000, 7500000, 6900000, 6000000, 5400000, 3900000, 3840000, 121620000);



INSERT INTO coffee_export VALUES ('Angola', 5040000, 4260000, 4800000, 2340000, 480000, 2460000, 3120000, 3000000, 3240000, 3000000, 1320000, 840000, 540000, 1020000, 360000, 300000, 300000, 240000, 360000, 420000, 240000, 480000, 480000, 360000, 540000, 660000, 660000, 540000, 540000, 1380000, 43320000);
INSERT INTO coffee_export VALUES ('Bolivia (Plurinational State of)', 9360000, 4440000, 5760000, 2820000, 5040000, 5640000, 7380000, 6660000, 5820000, 7440000, 6360000, 4200000, 4740000, 4380000, 5580000, 5040000, 5580000, 5040000, 4080000, 4980000, 4680000, 4440000, 3780000, 3300000, 3720000, 1800000, 1320000, 1560000, 1320000, 1200000, 137460000);
INSERT INTO coffee_export VALUES ('Brazil', 1016160000, 1270980000, 1127460000, 1070280000, 1036380000, 868080000, 915060000, 1008060000, 1088640000, 1388940000, 1080960000, 1390320000, 1678920000, 1542660000, 1588680000, 1571880000, 1642140000, 1691040000, 1770600000, 1822680000, 1990020000, 2028360000, 1712940000, 1899060000, -2147483648, -2147483648, 2056140000, 1855500000, 2138220000, -2147483648, 33807709056);
INSERT INTO coffee_export VALUES ('Burundi', 35100000, 41280000, 38760000, 25080000, 30480000, 31680000, 13440000, 31740000, 22440000, 24540000, 26640000, 18180000, 17340000, 28560000, 20340000, 22260000, 16860000, 21360000, 15060000, 17340000, 18420000, 13080000, 23520000, 11700000, 15120000, 13800000, 12240000, 10140000, 12120000, 17580000, 646200000);
INSERT INTO coffee_export VALUES ('Cameroon', 156660000, 105120000, 98760000, 42300000, 32760000, 24420000, 33840000, 82080000, 44760000, 69240000, 72300000, 67500000, 38400000, 48840000, 44040000, 42240000, 44340000, 43260000, 31620000, 37080000, 47640000, 29400000, 37320000, 16320000, 22500000, 23400000, 16860000, 14700000, 17220000, 15000000, 1399920000);
INSERT INTO coffee_export VALUES ('Central African Republic', 11820000, 8460000, 6000000, 8220000, 8220000, 13920000, 5880000, 12180000, 6120000, 11700000, 12180000, 5640000, 5700000, 2400000, 3840000, 2820000, 1020000, 7320000, 1980000, 3720000, 5700000, 4680000, 4680000, 60000, 4500000, 2580000, 4800000, 1080000, 2340000, 1140000, 170700000);
INSERT INTO coffee_export VALUES ('Colombia', 836640000, 755940000, 993840000, 814080000, 706080000, 588840000, 635280000, 655140000, 675600000, 599700000, 550620000, 596640000, 616380000, 614640000, 611640000, 652260000, 656700000, 678000000, 665100000, 473640000, 469320000, 464040000, 430200000, 580200000, 657240000, 762960000, 769860000, 779100000, 768480000, 820320000, 19878480000);
INSERT INTO coffee_export VALUES ('Congo', 120000, 60000, 0, 60000, 60000, 1140000, 780000, 180000, 0, 0, 0, 0, 0, 0, 0, 0, 0, 0, 0, 0, 0, 0, 0, 0, 0, 0, 0, 0, 0, 0, 2400000);
INSERT INTO coffee_export VALUES ('Costa Rica', 135960000, 144000000, 145860000, 141840000, 126300000, 124020000, 145800000, 125940000, 122700000, 131700000, 117900000, 121080000, 107040000, 102120000, 85440000, 88800000, 78600000, 81840000, 86400000, 74160000, 72000000, 74580000, 82440000, 80640000, 72540000, 67680000, 60420000, 59220000, 72480000, 62340000, 2991840000);
INSERT INTO coffee_export VALUES ('Côte d''Ivoire', 256980000, 228300000, 272760000, 241980000, 146640000, 149640000, 165060000, 282780000, 261900000, 144360000, 366600000, 245700000, 195180000, 158820000, 154380000, 105240000, 105060000, 131760000, 89400000, 108420000, 114720000, 46320000, 102720000, 117720000, 89340000, 85080000, 85920000, 51300000, 91320000, 126240000, 4721640000);
INSERT INTO coffee_export VALUES ('Cuba', 10920000, 7260000, 9780000, 6960000, 8160000, 7320000, 6720000, 6420000, 9120000, 4620000, 6780000, 6540000, 3420000, 3000000, 1500000, 1440000, 960000, 960000, 240000, 420000, 300000, 600000, 900000, 720000, 780000, 780000, 900000, 900000, 1980000, 1320000, 111720000);
INSERT INTO coffee_export VALUES ('Democratic Republic of Congo', 110340000, 85080000, 57240000, 55200000, 45660000, 63060000, 52920000, 32640000, 38400000, 29220000, 16860000, 7980000, 10740000, 12720000, 15180000, 9480000, 8280000, 12000000, 12180000, 9660000, 9720000, 7920000, 8760000, 8400000, 9060000, 7680000, 10260000, 5340000, 11280000, 12300000, 775560000);
INSERT INTO coffee_export VALUES ('Dominican Republic', 32100000, 28560000, 22140000, 19860000, 19920000, 27060000, 27180000, 18420000, 21600000, 9660000, 9300000, 5820000, 7020000, 9060000, 2760000, 2520000, 7500000, 4680000, 4920000, 6120000, 2460000, 5340000, 8220000, 3900000, 2700000, 1140000, 1140000, 1440000, 1920000, 1620000, 316080000);
INSERT INTO coffee_export VALUES ('Ecuador', 107040000, 84960000, 76380000, 95940000, 128700000, 92400000, 92340000, 62700000, 63360000, 59280000, 41820000, 45360000, 33900000, 37260000, 42240000, 59580000, 60900000, 59460000, 52080000, 65160000, 72120000, 91920000, 94800000, 75720000, 67740000, 52140000, 55380000, 41700000, 28980000, 30360000, 1971720000);
INSERT INTO coffee_export VALUES ('El Salvador', 150600000, 128880000, 127200000, 176820000, 125580000, 108420000, 138840000, 166320000, 101040000, 113400000, 152220000, 91980000, 91980000, 78240000, 79680000, 76800000, 77580000, 72600000, 86280000, 78540000, 64920000, 109560000, 62640000, 66180000, 27720000, 34560000, 29760000, 31620000, 34260000, 32760000, 2716980000);
INSERT INTO coffee_export VALUES ('Equatorial Guinea', 420000, 180000, 180000, 120000, 60000, 180000, 120000, 60000, 120000, 60000, 0, 0, 0, 0, 0, 0, 0, 0, 0, 0, 0, 0, 0, 0, 0, 0, 0, 0, 0, 0, 1500000);
INSERT INTO coffee_export VALUES ('Ethiopia', 64440000, 50460000, 44040000, 70020000, 88500000, 76560000, 110280000, 118800000, 115020000, 109080000, 118920000, 82560000, 123300000, 133740000, 149460000, 146100000, 176160000, 156240000, 171120000, 111060000, 199440000, 160500000, 192180000, 172200000, 187020000, 179100000, 180060000, 226380000, 215340000, 235260000, 4163340000);
INSERT INTO coffee_export VALUES ('Gabon', 120000, 180000, 60000, 120000, 300000, 180000, 120000, 0, 120000, 120000, 60000, 120000, 0, 60000, 0, 0, 60000, 0, 0, 60000, 60000, 60000, 0, 0, 0, 0, 0, 0, 0, 0, 1800000);
INSERT INTO coffee_export VALUES ('Ghana', 660000, 960000, 1920000, 2820000, 660000, 2280000, 240000, 1800000, 1080000, 5640000, 5460000, 3420000, 1500000, 1500000, 1320000, 1080000, 540000, 1320000, 2160000, 1440000, 420000, 4320000, 1800000, 1380000, 1560000, 2400000, 1620000, 1020000, 720000, 600000, 53640000);
INSERT INTO coffee_export VALUES ('Guatemala', 194400000, 169920000, 199680000, 225060000, 196440000, 222060000, 238740000, 254640000, 212520000, 280860000, 291120000, 246600000, 209460000, 229260000, 198600000, 207960000, 198720000, 223560000, 226680000, 209580000, 208080000, 221820000, 225000000, 214500000, 182580000, 177660000, 179460000, 202980000, 199620000, 216780000, 6464340000);
INSERT INTO coffee_export VALUES ('Guinea', 7320000, 3660000, 3480000, 900000, 3000000, 9120000, 1920000, 6840000, 13680000, 18060000, 17520000, 21360000, 8160000, 21300000, 17760000, 16740000, 31140000, 26160000, 12480000, 26340000, 24360000, 23100000, 22620000, 8040000, 1440000, 9120000, 15000000, 12960000, 9420000, 4140000, 397140000);
INSERT INTO coffee_export VALUES ('Guyana', 0, 0, 60000, 0, 0, 0, 0, 0, 0, 60000, 60000, 60000, 60000, 60000, 60000, 60000, 120000, 120000, 120000, 60000, 60000, 60000, 120000, 60000, 780000, 120000, 120000, 60000, 60000, 60000, 2400000);
INSERT INTO coffee_export VALUES ('Haiti', 11460000, 9060000, 9960000, 9540000, 6180000, 9120000, 9360000, 6060000, 7620000, 4320000, 4380000, 5220000, 2460000, 2220000, 1920000, 1500000, 1440000, 1260000, 1020000, 960000, 540000, 540000, 660000, 480000, 180000, 180000, 60000, 120000, 120000, 120000, 108060000);
INSERT INTO coffee_export VALUES ('Honduras', 104100000, 86640000, 117600000, 102300000, 103080000, 107760000, 123600000, 103320000, 139740000, 119220000, 172740000, 143520000, 162660000, 145500000, 166740000, 143520000, 173880000, 198720000, 195540000, 185040000, 200940000, 236820000, 330480000, 251100000, 255120000, 301800000, 318360000, 440460000, 428640000, 405900000, 5964840000);
INSERT INTO coffee_export VALUES ('India', 118740000, 103620000, 108960000, 126120000, 149760000, 148020000, 186180000, 158400000, 209220000, 217320000, 253740000, 223800000, 213000000, 222420000, 218820000, 169740000, 214680000, 199140000, 202620000, 180420000, 278820000, 324840000, 302640000, 301980000, 307860000, 315720000, 365160000, 392520000, 358020000, 361680000, 6933960000);
INSERT INTO coffee_export VALUES ('Indonesia', 414180000, 370260000, 276240000, 339720000, 276300000, 236820000, 386400000, 345300000, 335880000, 306900000, 321480000, 314580000, 257160000, 287700000, 327360000, 404640000, 316800000, 248940000, 344460000, 474420000, 329340000, 235200000, 492360000, 555300000, 370500000, 502740000, 392700000, 491880000, 272340000, 380040000, 10607940000);
INSERT INTO coffee_export VALUES ('Jamaica', 900000, 1020000, 1320000, 1440000, 960000, 1560000, 1620000, 1800000, 1020000, 1440000, 1740000, 1680000, 1560000, 1500000, 1740000, 900000, 1500000, 1380000, 1260000, 1500000, 900000, 960000, 900000, 900000, 600000, 720000, 660000, 600000, 600000, 540000, 35220000);
INSERT INTO coffee_export VALUES ('Kenya', 118140000, 93480000, 83040000, 86340000, 81480000, 87000000, 114120000, 69540000, 50460000, 66840000, 79680000, 65760000, 44160000, 55200000, 45240000, 40380000, 35820000, 49020000, 36480000, 31500000, 31860000, 36540000, 48180000, 48900000, 47940000, 42720000, 43620000, 42600000, 45180000, 50160000, 1771380000);
INSERT INTO coffee_export VALUES ('Lao People''s Democratic Republic', 5880000, 5880000, 6120000, 8520000, 9180000, 9900000, 8640000, 6600000, 6720000, 11460000, 15300000, 11880000, 16680000, 13980000, 16020000, 14220000, 7200000, 15120000, 15480000, 15840000, 17280000, 25260000, 21600000, 24000000, 22200000, 24180000, 23160000, 23160000, 21660000, 34500000, 457620000);
INSERT INTO coffee_export VALUES ('Liberia', 1320000, 0, 0, 0, 0, 0, 0, 0, 180000, 900000, 240000, 420000, 360000, 420000, 0, 60000, 0, 120000, 120000, 540000, 420000, 480000, 180000, 240000, 60000, 240000, 180000, 660000, 480000, 60000, 7680000);
INSERT INTO coffee_export VALUES ('Madagascar', 51780000, 35280000, 44160000, 37680000, 26160000, 35100000, 43080000, 28800000, 47760000, 27840000, 12960000, 5220000, 8700000, 7140000, 7620000, 5760000, 10740000, 5940000, 11760000, 2400000, 4440000, 8640000, 4740000, 9960000, 8280000, 3540000, 4560000, 3480000, 360000, 240000, 504120000);
INSERT INTO coffee_export VALUES ('Malawi', 7440000, 6000000, 7680000, 6240000, 4680000, 5520000, 3600000, 3600000, 3540000, 3240000, 3660000, 3840000, 2640000, 2940000, 1560000, 1260000, 1020000, 1140000, 1260000, 1080000, 480000, 1560000, 1200000, 1740000, 1560000, 1080000, 1320000, 780000, 720000, 960000, 83340000);
INSERT INTO coffee_export VALUES ('Mexico', 220980000, 211860000, 199920000, 195840000, 167340000, 217560000, 277980000, 270120000, 203940000, 261480000, 318240000, 199980000, 158700000, 155760000, 141720000, 119100000, 154200000, 174720000, 146880000, 170280000, 149880000, 174420000, 213360000, 187920000, 148800000, 147480000, 133980000, 174660000, 173280000, 157620000, 5628000000);
INSERT INTO coffee_export VALUES ('Nepal', 0, 0, 0, 0, 0, 0, 0, 0, 0, 0, 0, 0, 0, 120000, 60000, 60000, 60000, 120000, 60000, 120000, 60000, 240000, 60000, 60000, 60000, 120000, 120000, 60000, 120000, 60000, 1560000);
INSERT INTO coffee_export VALUES ('Nicaragua', 40260000, 23520000, 38160000, 28560000, 37440000, 40860000, 49320000, 42840000, 56460000, 59040000, 82020000, 81900000, 57300000, 60780000, 78660000, 60180000, 86700000, 75540000, 97500000, 82440000, 102720000, 88080000, 119220000, 99660000, 114060000, 105180000, 117780000, 146940000, 138000000, 177240000, 2388360000);
INSERT INTO coffee_export VALUES ('Nigeria', 240000, 60000, 660000, 600000, 480000, 900000, 420000, 420000, 600000, 540000, 420000, 420000, 300000, 540000, 360000, 480000, 1680000, 540000, 120000, 60000, 180000, 420000, 120000, 60000, 60000, 180000, 60000, 180000, 180000, 120000, 11400000);
INSERT INTO coffee_export VALUES ('Panama', 7920000, 7440000, 7500000, 7740000, 4560000, 10860000, 8340000, 7440000, 8700000, 7080000, 4320000, 3420000, 4980000, 5160000, 5940000, 5400000, 6420000, 6540000, 6840000, 3540000, 3900000, 3180000, 3060000, 2940000, 3060000, 3000000, 3360000, 3000000, 2820000, 3060000, 161520000);
INSERT INTO coffee_export VALUES ('Papua New Guinea', 63060000, 47280000, 55020000, 63300000, 69420000, 60120000, 65400000, 62580000, 80940000, 79200000, 62580000, 65700000, 63420000, 68820000, 62880000, 72000000, 50940000, 54540000, 65760000, 61620000, 55740000, 73500000, 55500000, 48660000, 48420000, 42660000, 67980000, 47640000, 52200000, 47220000, 1814100000);
INSERT INTO coffee_export VALUES ('Paraguay', 15780000, 7200000, 2400000, 3480000, 2880000, 1260000, 960000, 2100000, 1140000, 180000, 300000, 60000, 1260000, 1860000, 1020000, 1440000, 1500000, 1860000, 60000, 0, 0, 0, 0, 0, 0, 0, 0, 0, 0, 0, 46740000);
INSERT INTO coffee_export VALUES ('Peru', 66300000, 62520000, 63660000, 46500000, 63420000, 105600000, 100740000, 98880000, 116940000, 144420000, 141720000, 159780000, 167340000, 150180000, 191040000, 142140000, 232860000, 172740000, 223980000, 184440000, 229020000, 281820000, 258600000, 224160000, 163200000, 167400000, 237600000, 236760000, 243840000, 226320000, 4903920000);
INSERT INTO coffee_export VALUES ('Philippines', 10080000, 6180000, 2460000, 2100000, 7560000, 3420000, 1620000, 1860000, 1260000, 540000, 300000, 180000, 420000, 720000, 1740000, 2040000, 2280000, 1920000, 240000, 420000, 360000, 600000, 180000, 360000, 720000, 900000, 780000, 540000, 240000, 420000, 52440000);
INSERT INTO coffee_export VALUES ('Rwanda', 46740000, 28440000, 38700000, 28860000, 1800000, 18840000, 15900000, 13080000, 12840000, 18840000, 16200000, 16740000, 19800000, 14700000, 27000000, 14160000, 23340000, 15360000, 19560000, 18240000, 17760000, 16620000, 15060000, 15240000, 15360000, 15780000, 14640000, 14760000, 21000000, 23340000, 578700000);
INSERT INTO coffee_export VALUES ('Sierra Leone', 8400000, 6240000, 2820000, 2460000, 3720000, 4260000, 1740000, 2820000, 2520000, 1380000, 2400000, 2160000, 4800000, 2040000, 1380000, 1200000, 3060000, 3060000, 1560000, 6240000, 3480000, 2220000, 3900000, 3420000, 1440000, 3240000, 1560000, 2100000, 1620000, 2820000, 90060000);
INSERT INTO coffee_export VALUES ('Sri Lanka', 1140000, 1320000, 900000, 840000, 2820000, 1320000, 720000, 1260000, 1620000, 1020000, 120000, 240000, 180000, 360000, 420000, 180000, 420000, 240000, 120000, 60000, 120000, 120000, 0, 0, 120000, 0, 60000, 120000, 120000, 60000, 16020000);
INSERT INTO coffee_export VALUES ('Tanzania', 61140000, 52260000, 49680000, 62220000, 37920000, 44700000, 58200000, 39300000, 44520000, 38580000, 44400000, 51960000, 29760000, 52980000, 33180000, 42720000, 43920000, 48420000, 49080000, 69420000, 33360000, 47880000, 45360000, 56100000, 43080000, 42540000, 54300000, 39840000, 51360000, 64140000, 1432320000);
INSERT INTO coffee_export VALUES ('Thailand', 60060000, 32460000, 69840000, 58920000, 68160000, 72600000, 52380000, 63960000, 46680000, 29580000, 58200000, 68880000, 15180000, 10860000, 25200000, 22500000, 32400000, 21900000, 10500000, 11100000, 22200000, 14580000, 21000000, 2940000, 1620000, 34680000, 7860000, 8460000, 15480000, 10440000, 970620000);
INSERT INTO coffee_export VALUES ('Timor-Leste', 0, 0, 0, 0, 0, 0, 0, 0, 0, 0, 60000, 1920000, 1800000, 2760000, 1320000, 1080000, 2940000, 1860000, 3000000, 2580000, 4080000, 2340000, 3360000, 4200000, 6660000, 4080000, 4080000, 5160000, 7740000, 7020000, 68040000);
INSERT INTO coffee_export VALUES ('Togo', 14340000, 9300000, 18780000, 13080000, 9960000, 12000000, 5100000, 18780000, 9960000, 19260000, 16980000, 11580000, 6000000, 4320000, 8940000, 9840000, 7080000, 9300000, 7260000, 9120000, 11880000, 9300000, 8820000, 5460000, 8040000, 10680000, 4500000, 1620000, 6660000, 3480000, 291420000);
INSERT INTO coffee_export VALUES ('Trinidad & Tobago', 1800000, 480000, 120000, 600000, 300000, 240000, 240000, 240000, 300000, 180000, 180000, 180000, 120000, 120000, 120000, 60000, 60000, 60000, 60000, 0, 60000, 0, 60000, 120000, 120000, 120000, 120000, 120000, 180000, 120000, 6480000);
INSERT INTO coffee_export VALUES ('Uganda', 141180000, 125700000, 117660000, 109740000, 202140000, 184740000, 279300000, 210120000, 197160000, 230460000, 150780000, 183600000, 201480000, 151320000, 157620000, 142140000, 130380000, 161580000, 198660000, 180840000, 159420000, 188520000, 161100000, 220320000, 206520000, 215760000, 212580000, 286440000, 253380000, 271560000, 5632200000);
INSERT INTO coffee_export VALUES ('Venezuela', 16680000, 7680000, 8160000, 31500000, 23160000, 5820000, 29700000, 6300000, 16080000, 27840000, 2280000, 1560000, 11520000, 15600000, 10200000, 1320000, 3900000, 4200000, 7500000, 1080000, 1140000, 0, 120000, 360000, 0, 60000, 0, 0, 4320000, 3180000, 241260000);
INSERT INTO coffee_export VALUES ('Viet Nam', 68700000, 72060000, 116280000, 124320000, 163260000, 212760000, 226740000, 370680000, 388020000, 463620000, 697080000, 846360000, 706260000, 697860000, 891540000, 805920000, 834300000, 1076160000, 966060000, 1023120000, 853740000, 1063020000, 1375200000, 1183080000, 1565820000, 1316640000, 1783260000, 1505520000, 1883100000, 1644000000, 24924480000);
INSERT INTO coffee_export VALUES ('Yemen', 3000000, 4320000, 2220000, 3060000, 5580000, 4620000, 2520000, 4800000, 4260000, 4080000, 3480000, 3960000, 3660000, 3300000, 2700000, 4680000, 3660000, 4320000, 4020000, 2340000, 2640000, 2100000, 3780000, 3300000, 3420000, 3120000, 2280000, 2760000, 2520000, 720000, 101220000);
INSERT INTO coffee_export VALUES ('Zambia', 1440000, 1740000, 1860000, 1380000, 1440000, 1260000, 2160000, 2340000, 1980000, 3060000, 3900000, 6900000, 5940000, 7800000, 6240000, 6360000, 4680000, 3240000, 2880000, 1980000, 1080000, 540000, 420000, 600000, 300000, 180000, 600000, 780000, 1560000, 1620000, 76260000);
INSERT INTO coffee_export VALUES ('Zimbabwe', 15060000, 14340000, 9720000, 4200000, 1920000, 9420000, 9000000, 6540000, 9180000, 7860000, 7020000, 6300000, 7140000, 5820000, 6780000, 4260000, 3240000, 1920000, 1380000, 1080000, 420000, 300000, 240000, 120000, 660000, 660000, 720000, 120000, 300000, 360000, 136080000);


INSERT INTO coffee_green_coffee_inventories VALUES ('Austria', 19980000, 19980000, 22020000, 19980000, 16980000, 16440000, 14760000, 13860000, 12600000, 11280000, 9720000, 8520000, 8100000, 7860000, 7800000, 7740000, 7560000, 7680000, 7740000, 8280000, 8460000, 6660000, 5820000, 5520000, 5760000, 5760000, 5400000, 4800000, 4800000, 4800000, 306660000);
INSERT INTO coffee_green_coffee_inventories VALUES ('Cyprus', 600000, 720000, 600000, 480000, 780000, 780000, 720000, 360000, 540000, 540000, 600000, 720000, 780000, 780000, 360000, 420000, 480000, 480000, 480000, 300000, 300000, 360000, 240000, 420000, 720000, 360000, 120000, 180000, 300000, 0, 14520000);
INSERT INTO coffee_green_coffee_inventories VALUES ('Denmark', 5340000, 5340000, 5340000, 5340000, 5340000, 5340000, 5340000, 5340000, 5340000, 5340000, 5340000, 5340000, 5340000, 5340000, 5340000, 5340000, 5340000, 5340000, 5340000, 5340000, 5340000, 5340000, 5340000, 5340000, 5340000, 5340000, 5340000, 5340000, 5340000, 5340000, 160200000);
INSERT INTO coffee_green_coffee_inventories VALUES ('Finland', 10560000, 13380000, 12780000, 11280000, 16920000, 13200000, 8400000, 10860000, 9720000, 10620000, 6060000, 5400000, 4620000, 5640000, 4980000, 4980000, 4980000, 4980000, 4980000, 4980000, 4980000, 4980000, 4980000, 4980000, 4980000, 4980000, 4980000, 4980000, 4980000, 4980000, 219120000);
INSERT INTO coffee_green_coffee_inventories VALUES ('France', 34380000, 33720000, 32220000, 23340000, 28860000, 18060000, 15960000, 19020000, 21000000, 18360000, 21060000, 35040000, 43140000, 39000000, 37260000, 31200000, 28560000, 22080000, 30240000, 28980000, 25620000, 24840000, 26760000, 26280000, 29940000, 30420000, 34320000, 28500000, 27840000, 27120000, 843120000);
INSERT INTO coffee_green_coffee_inventories VALUES ('Germany', 240000000, 96000000, 150000000, 120000000, 234000000, 138000000, 96000000, 114000000, 96000000, 132000000, 150000000, 171000000, 214800000, 197400000, 191400000, 173100000, 186060000, 200460000, 192660000, 174660000, 160800000, 147720000, 171540000, 158160000, 187200000, 211140000, 239460000, 216060000, 211080000, 208740000, 5179440000);
INSERT INTO coffee_green_coffee_inventories VALUES ('Ireland', 0, 0, 0, 0, 0, 0, 0, 0, 0, 0, 0, 0, 360000, 420000, 600000, 480000, 360000, 660000, 480000, 420000, 240000, 360000, 420000, 360000, 360000, 240000, 240000, 180000, 180000, 180000, 6540000);
INSERT INTO coffee_green_coffee_inventories VALUES ('Italy', 12900000, 11340000, 11220000, 13680000, 13320000, 13020000, 13380000, 13620000, 14040000, 14100000, 14700000, 15180000, 15180000, 15900000, 16140000, 16680000, 17640000, 18840000, 19020000, 19020000, 19560000, 19740000, 20760000, 21120000, 22260000, 22200000, 24180000, 23760000, 25260000, 25680000, 523440000);
INSERT INTO coffee_green_coffee_inventories VALUES ('Netherlands', 105120000, 105120000, 62880000, 42420000, 42420000, 42420000, 42420000, 42420000, 42420000, 42420000, 42420000, 42420000, 42420000, 42420000, 42420000, 42420000, 42420000, 42420000, 42420000, 42420000, 42420000, 42420000, 42420000, 42420000, 42420000, 42420000, 42420000, 42420000, 42420000, 42420000, 1418460000);
INSERT INTO coffee_green_coffee_inventories VALUES ('Portugal', 4080000, 8580000, 7260000, 13200000, 9540000, 5160000, 6900000, 7860000, 6060000, 4920000, 7440000, 6360000, 6660000, 10680000, 10200000, 9000000, 7800000, 7200000, 6600000, 6000000, 6060000, 5400000, 6600000, 7200000, 6000000, 7740000, 7740000, 7740000, 7740000, 7740000, 221460000);
INSERT INTO coffee_green_coffee_inventories VALUES ('Spain', 12000000, 15000000, 19980000, 15000000, 16020000, 17040000, 18180000, 19380000, 20640000, 22020000, 23460000, 25020000, 26640000, 28440000, 30300000, 24060000, 27720000, 37080000, 33300000, 34200000, 34200000, 34200000, 34200000, 50220000, 38400000, 38220000, 44040000, 43380000, 42900000, 40200000, 865440000);
INSERT INTO coffee_green_coffee_inventories VALUES ('Sweden', 5220000, 5220000, 5220000, 5220000, 5220000, 5220000, 5220000, 5220000, 5220000, 5220000, 5220000, 5220000, 5220000, 5220000, 5220000, 5220000, 5220000, 5220000, 5220000, 5220000, 5220000, 5220000, 5220000, 5220000, 5220000, 5220000, 5220000, 5220000, 5220000, 5220000, 156600000);
INSERT INTO coffee_green_coffee_inventories VALUES ('Japan', 90000000, 70020000, 79980000, 75000000, 88020000, 49980000, 58980000, 55020000, 52980000, 69000000, 84000000, 82980000, 103020000, 103980000, 106980000, 120000000, 139020000, 121980000, 111000000, 100980000, 105300000, 132240000, 121620000, 172860000, 176040000, 191100000, 193740000, 181260000, 156180000, 176040000, 3369300000);
INSERT INTO coffee_green_coffee_inventories VALUES ('Norway', 7440000, 7440000, 7440000, 7440000, 7440000, 7440000, 7440000, 7440000, 7440000, 7440000, 7440000, 7440000, 7440000, 7440000, 7440000, 7440000, 7440000, 7440000, 7440000, 7440000, 7440000, 7440000, 7440000, 7440000, 7440000, 7440000, 7440000, 7440000, 7440000, 7440000, 223200000);
INSERT INTO coffee_green_coffee_inventories VALUES ('Switzerland', 19260000, 21060000, 18120000, 19620000, 17160000, 11580000, 8400000, 7080000, 9900000, 8340000, 10260000, 13680000, 10920000, 13680000, 13800000, 12240000, 9240000, 8700000, 5460000, 9660000, 9240000, 12180000, 12540000, 12360000, 12360000, 13020000, 13140000, 22080000, 20280000, 22740000, 398100000);
INSERT INTO coffee_green_coffee_inventories VALUES ('United Kingdom', 11340000, 10080000, 10200000, 12240000, 12780000, 11220000, 7920000, 6600000, 7680000, 6840000, 7920000, 12480000, 8460000, 8880000, 10800000, 2880000, 5160000, 3240000, 3240000, 4320000, 2820000, 2460000, 2460000, 2340000, 2400000, 2580000, 1560000, 1200000, 1860000, 2160000, 186120000);
INSERT INTO coffee_green_coffee_inventories VALUES ('United States of America', 358920000, 369000000, 565320000, 468840000, 245220000, 119400000, 79620000, 85680000, 84480000, 157620000, 335580000, 323880000, 343200000, 329400000, 304500000, 280020000, 299220000, 327960000, 313800000, 274200000, 238440000, 257700000, 284160000, 305220000, 331500000, 350160000, 375360000, 397920000, 367980000, 410100000, 8984400000);
INSERT INTO coffee_green_coffee_inventories VALUES ('Unspecified EU stocks', 145980000, 165480000, 149100000, 115200000, 127320000, 82860000, 73320000, 93060000, 96180000, 115560000, 235020000, 358080000, 359280000, 384960000, 419460000, 460260000, 336900000, 425280000, 470760000, 588420000, 399960000, 409680000, 366720000, 320160000, 450060000, 447840000, 417240000, 422100000, 485520000, 536100000, 9457860000);


INSERT INTO coffee_import VALUES ('Austria', 112800000, 123480000, 132360000, 110160000, 85020000, 73860000, 72600000, 77640000, 77580000, 90000000, 75420000, 85920000, 86820000, 80160000, 92280000, 94620000, 96060000, 118080000, 114060000, 78540000, 82140000, 87120000, 93540000, 93300000, 91500000, 90780000, 89700000, 87600000, 85740000, 86880000, 2765760000);
INSERT INTO coffee_import VALUES ('Belgium', 0, 0, 0, 0, 0, 0, 0, 0, 0, 180180000, 209460000, 192540000, 227520000, 229080000, 238080000, 243780000, 276300000, 240840000, 407520000, 354960000, 355440000, 349680000, 340080000, 330120000, 312720000, 332040000, 363120000, 340620000, 344520000, 371940000, 6240540000);
INSERT INTO coffee_import VALUES ('Belgium/Luxembourg', 120900000, 104760000, 109680000, 123780000, 135720000, 144060000, 151560000, 152640000, 214800000, 0, 0, 0, 0, 0, 0, 0, 0, 0, 0, 0, 0, 0, 0, 0, 0, 0, 0, 0, 0, 0, 1257900000);
INSERT INTO coffee_import VALUES ('Bulgaria', 16080000, 12000000, 10920000, 23820000, 27780000, 30900000, 16320000, 17640000, 20520000, 22020000, 16860000, 21300000, 20580000, 24000000, 22020000, 26460000, 26100000, 23580000, 31020000, 31380000, 31680000, 28920000, 33600000, 36540000, 37260000, 40920000, 46740000, 42420000, 44220000, 47100000, 830700000);
INSERT INTO coffee_import VALUES ('Croatia', 0, 0, 10080000, 9780000, 11580000, 19200000, 19320000, 23100000, 20340000, 21120000, 20640000, 21120000, 22260000, 23580000, 23280000, 23520000, 24240000, 24840000, 24300000, 23640000, 23640000, 23460000, 23040000, 24780000, 25200000, 26220000, 28740000, 26340000, 26760000, 27960000, 622080000);
INSERT INTO coffee_import VALUES ('Cyprus', 3000000, 3240000, 2460000, 4620000, 3120000, 2640000, 3120000, 2460000, 3000000, 3300000, 4140000, 3540000, 3420000, 3540000, 3540000, 4800000, 4440000, 4260000, 4680000, 4320000, 4620000, 4920000, 5040000, 5640000, 5640000, 5340000, 5580000, 6000000, 7980000, 7980000, 130380000);
INSERT INTO coffee_import VALUES ('Czechia', 39540000, 31500000, 28500000, 30840000, 33240000, 33180000, 31500000, 33600000, 45900000, 43680000, 48540000, 53940000, 53280000, 58440000, 55740000, 63780000, 56400000, 62220000, 62220000, 55800000, 57060000, 57120000, 67620000, 71040000, 109380000, 124080000, 106740000, 90420000, 114180000, 96540000, 1816020000);
INSERT INTO coffee_import VALUES ('Denmark', 57540000, 58980000, 63720000, 59640000, 61980000, 52620000, 60360000, 56940000, 60840000, 65640000, 61320000, 66180000, 64560000, 60120000, 67140000, 59580000, 60240000, 59700000, 54000000, 51600000, 60900000, 54540000, 54780000, 55260000, 51180000, 50460000, 54360000, 51120000, 52080000, 54480000, 1741860000);
INSERT INTO coffee_import VALUES ('Estonia', 0, 0, 960000, 3060000, 4980000, 6420000, 7020000, 8460000, 8100000, 7860000, 6300000, 9660000, 7200000, 8040000, 10560000, 13260000, 15240000, 16620000, 20040000, 21420000, 15780000, 10020000, 9420000, 9360000, 7860000, 7560000, 8100000, 7980000, 8820000, 8880000, 268980000);
INSERT INTO coffee_import VALUES ('Finland', 65700000, 61980000, 63300000, 78060000, 81660000, 46140000, 59520000, 71160000, 70080000, 72540000, 63780000, 65040000, 64500000, 66300000, 69120000, 69360000, 70080000, 72420000, 77100000, 74580000, 76440000, 77220000, 74280000, 76500000, 72780000, 79260000, 83340000, 81600000, 77100000, 90900000, 2151840000);
INSERT INTO coffee_import VALUES ('France', 378060000, 393180000, 396720000, 380040000, 382140000, 372840000, 399600000, 402240000, 394560000, 400560000, 391200000, 405180000, 415500000, 399120000, 356400000, 342840000, 371460000, 385200000, 375120000, 400200000, 403020000, 419520000, 410460000, 402780000, 426720000, 408540000, 404280000, 418020000, 457440000, 479580000, 11972520000);
INSERT INTO coffee_import VALUES ('Germany', 820260000, 793740000, 827340000, 846420000, 814980000, 771120000, 810420000, 834300000, 824400000, 859200000, 833700000, 885180000, 930960000, 943620000, 1041360000, 1002960000, 1112580000, 1173840000, 1192560000, 1164960000, 1236180000, 1255560000, 1308960000, 1270440000, 1324680000, 1278960000, 1342080000, 1305900000, 1328820000, 1345920000, 31481400000);
INSERT INTO coffee_import VALUES ('Greece', 38520000, 24420000, 20940000, 22500000, 30120000, 31380000, 45960000, 47340000, 42240000, 43980000, 47880000, 52080000, 53820000, 59880000, 56520000, 55860000, 53820000, 64860000, 63360000, 62760000, 63660000, 69300000, 74640000, 76140000, 74040000, 72600000, 95040000, 52020000, 69600000, 74760000, 1640040000);
INSERT INTO coffee_import VALUES ('Hungary', 34440000, 38460000, 31320000, 40080000, 46260000, 31200000, 36180000, 40500000, 42960000, 45720000, 47400000, 49980000, 49680000, 51840000, 58620000, 51120000, 54060000, 53640000, 48660000, 42240000, 43620000, 38400000, 44880000, 33420000, 49980000, 42840000, 43500000, 43320000, 46740000, 46380000, 1327440000);
INSERT INTO coffee_import VALUES ('Ireland', 7740000, 7080000, 5700000, 6660000, 7860000, 6900000, 5880000, 6360000, 6120000, 8520000, 9300000, 10800000, 10620000, 13620000, 15840000, 15060000, 15120000, 15960000, 7620000, 8520000, 9900000, 12600000, 15120000, 13980000, 17520000, 21420000, 24180000, 25620000, 26400000, 26280000, 384300000);
INSERT INTO coffee_import VALUES ('Italy', 314520000, 277800000, 275700000, 335640000, 333240000, 323280000, 336480000, 344580000, 353340000, 356580000, 378900000, 392520000, 391380000, 415740000, 421920000, 436140000, 452880000, 481680000, 490320000, 484680000, 494160000, 501300000, 521460000, 529380000, 561000000, 559680000, 613440000, 601200000, 638340000, 654840000, 13272120000);
INSERT INTO coffee_import VALUES ('Latvia', 0, 0, 1200000, 3600000, 1380000, 1800000, 3960000, 8640000, 9540000, 10980000, 10860000, 9360000, 9840000, 11160000, 11280000, 11460000, 13260000, 9060000, 9240000, 7920000, 8280000, 8460000, 9420000, 9660000, 12780000, 12120000, 13860000, 13740000, 14580000, 14100000, 261540000);
INSERT INTO coffee_import VALUES ('Lithuania', 0, 0, 120000, 540000, 2820000, 6780000, 9000000, 11220000, 11100000, 12360000, 12780000, 16020000, 15780000, 13260000, 15360000, 17040000, 19020000, 20160000, 23400000, 24660000, 22560000, 17340000, 20220000, 21720000, 23760000, 25680000, 29940000, 25920000, 26460000, 28440000, 473460000);
INSERT INTO coffee_import VALUES ('Luxembourg', 0, 0, 0, 0, 0, 0, 0, 0, 0, 8700000, 13920000, 12600000, 15180000, 17340000, 18960000, 19860000, 20160000, 21600000, 21060000, 19800000, 20940000, 19560000, 19380000, 22680000, 24780000, 22560000, 23640000, 22800000, 25980000, 24120000, 415620000);
INSERT INTO coffee_import VALUES ('Malta', 1260000, 960000, 1080000, 1380000, 780000, 1380000, 540000, 540000, 600000, 540000, 540000, 540000, 600000, 660000, 960000, 960000, 1740000, 960000, 1380000, 840000, 720000, 1020000, 1260000, 1320000, 1500000, 960000, 1140000, 1020000, 1140000, 1380000, 29700000);
INSERT INTO coffee_import VALUES ('Netherlands', 187680000, 187260000, 192300000, 168240000, 168000000, 174600000, 185040000, 175440000, 171720000, 153960000, 177960000, 167640000, 165600000, 190560000, 189540000, 179280000, 197580000, 211860000, 138240000, 150120000, 154980000, 160680000, 163800000, 204420000, 240960000, 250560000, 286860000, 304080000, 331200000, 321240000, 5951400000);
INSERT INTO coffee_import VALUES ('Poland', 26100000, 15000000, 107220000, 100200000, 110580000, 106260000, 115440000, 135180000, 137580000, 144240000, 154560000, 163140000, 158580000, 159840000, 161220000, 167520000, 159240000, 135840000, 147600000, 189720000, 196740000, 204240000, 212580000, 197040000, 193740000, 219960000, 229620000, 239940000, 259500000, 267120000, 4815540000);
INSERT INTO coffee_import VALUES ('Portugal', 33120000, 33420000, 35460000, 39960000, 39840000, 37980000, 44580000, 43620000, 45720000, 49020000, 48660000, 50580000, 50280000, 50040000, 50280000, 49860000, 51720000, 54660000, 53100000, 53220000, 60600000, 63480000, 64560000, 63780000, 63600000, 62640000, 67680000, 65640000, 68400000, 73200000, 1568700000);
INSERT INTO coffee_import VALUES ('Romania', 26520000, 20100000, 36180000, 25500000, 20820000, 33060000, 41820000, 37860000, 35700000, 30660000, 33120000, 37980000, 44280000, 45300000, 49680000, 52440000, 51240000, 50400000, 49560000, 48660000, 50340000, 50640000, 54180000, 58260000, 57480000, 60720000, 68040000, 69300000, 70440000, 69900000, 1380180000);
INSERT INTO coffee_import VALUES ('Slovakia', 0, 0, 0, 17280000, 15420000, 15000000, 15660000, 15180000, 15540000, 16140000, 17160000, 19020000, 18000000, 18180000, 17880000, 18480000, 20820000, 30480000, 36660000, 27480000, 39300000, 46620000, 46320000, 47880000, 55140000, 54600000, 54360000, 43380000, 53400000, 46380000, 821760000);
INSERT INTO coffee_import VALUES ('Slovenia', 0, 0, 7380000, 9120000, 9540000, 8880000, 10500000, 10260000, 10440000, 10920000, 11220000, 11640000, 12060000, 10620000, 11760000, 11460000, 11220000, 12300000, 12300000, 12600000, 13080000, 13380000, 13260000, 15480000, 16140000, 16320000, 19380000, 24060000, 33000000, 37200000, 395520000);
INSERT INTO coffee_import VALUES ('Spain', 183180000, 178200000, 204840000, 168780000, 181680000, 188760000, 210900000, 226620000, 223080000, 239160000, 226080000, 243480000, 241560000, 248160000, 250380000, 261360000, 272280000, 292500000, 291840000, 288660000, 302040000, 289260000, 305640000, 308220000, 324360000, 325740000, 339600000, 324840000, 340380000, 359040000, 7840620000);
INSERT INTO coffee_import VALUES ('Sweden', 106020000, 103020000, 106320000, 105420000, 113580000, 85200000, 91320000, 88380000, 86400000, 87360000, 80640000, 85920000, 87780000, 86100000, 89700000, 101580000, 109200000, 106200000, 108240000, 99540000, 103620000, 98820000, 100800000, 102540000, 131880000, 127260000, 141000000, 138360000, 135720000, 140880000, 3148800000);
INSERT INTO coffee_import VALUES ('Japan', 319800000, 330600000, 319560000, 341460000, 373020000, 329340000, 359640000, 355260000, 361620000, 392820000, 414480000, 419760000, 438420000, 415380000, 435240000, 444480000, 457920000, 425160000, 423600000, 425400000, 444420000, 452640000, 421500000, 502860000, 459420000, 483780000, 481560000, 458820000, 452400000, 482400000, 12422760000);
INSERT INTO coffee_import VALUES ('Norway', 44520000, 45660000, 44340000, 41580000, 48360000, 39720000, 43200000, 41040000, 42420000, 47400000, 39720000, 42960000, 41880000, 41460000, 42960000, 45180000, 43860000, 46800000, 43320000, 43440000, 45540000, 47700000, 44100000, 46860000, 44580000, 48000000, 47940000, 48060000, 44580000, 47160000, 1334340000);
INSERT INTO coffee_import VALUES ('Russian Federation', 0, 0, 82920000, 107700000, 103560000, 103680000, 67680000, 131100000, 103920000, 82080000, 113400000, 183420000, 210240000, 226320000, 192300000, 200160000, 207900000, 259080000, 243180000, 213180000, 249300000, 253080000, 250500000, 264600000, 284820000, 282600000, 313980000, 328080000, 317280000, 355020000, 5731080000);
INSERT INTO coffee_import VALUES ('Switzerland', 70260000, 67800000, 66060000, 63600000, 65940000, 61020000, 66720000, 58260000, 66720000, 68340000, 70260000, 75300000, 73020000, 79320000, 74160000, 98460000, 90180000, 109380000, 118680000, 126060000, 139080000, 149880000, 148680000, 160020000, 158580000, 164880000, 168960000, 174240000, 185160000, 193680000, 3212700000);
INSERT INTO coffee_import VALUES ('Tunisia', 6060000, 5400000, 6660000, 6060000, 8220000, 8220000, 8640000, 9900000, 8820000, 11160000, 11520000, 13980000, 14160000, 7380000, 15840000, 11400000, 12540000, 15180000, 19080000, 17340000, 18240000, 25740000, 26340000, 26340000, 27600000, 27540000, 27960000, 32760000, 31980000, 30480000, 492540000);
INSERT INTO coffee_import VALUES ('United Kingdom', 173880000, 168360000, 185280000, 191820000, 207960000, 168420000, 174180000, 175740000, 188520000, 174420000, 180720000, 183720000, 178260000, 180120000, 199740000, 205980000, 242760000, 226860000, 238020000, 247860000, 258120000, 250980000, 247560000, 252360000, 259140000, 293700000, 303120000, 299340000, 341280000, 333240000, 6731460000);
INSERT INTO coffee_import VALUES ('United States of America', 1260420000, 1190400000, 1376340000, 1159740000, 970260000, 1026420000, 1166700000, 1220580000, 1261800000, 1364760000, 1426020000, 1284900000, 1298340000, 1365600000, 1391040000, 1382520000, 1422540000, 1453140000, 1456620000, 1414680000, 1462680000, 1565580000, 1563360000, 1620960000, 1653900000, 1662480000, 1730280000, 1769280000, 1735080000, 1851240000, 42507660000);


INSERT INTO coffee_importers_consumption VALUES ('Austria', 80400000, 78120000, 72720000, 80100000, 65160000, 60720000, 64560000, 65220000, 66300000, 67380000, 52500000, 60780000, 55560000, 43200000, 59760000, 46320000, 36720000, 50820000, 54480000, 53160000, 54180000, 67020000, 76140000, 74940000, 68100000, 68160000, 71580000, 69720000, 70320000, 70380000, 1904520000);
INSERT INTO coffee_importers_consumption VALUES ('Belgium', 0, 0, 0, 0, 0, 0, 0, 0, 0, 50040000, 67980000, 53040000, 89040000, 94740000, 83760000, 69480000, 92220000, 66180000, 39000000, 56040000, 52260000, 56040000, 54900000, 74700000, 75540000, 64440000, 90120000, 78000000, 81900000, 71100000, 1460520000);
INSERT INTO coffee_importers_consumption VALUES ('Belgium/Luxembourg', 67440000, 42480000, 41760000, 47340000, 57480000, 64380000, 62340000, 53160000, 78540000, 0, 0, 0, 0, 0, 0, 0, 0, 0, 0, 0, 0, 0, 0, 0, 0, 0, 0, 0, 0, 0, 514920000);
INSERT INTO coffee_importers_consumption VALUES ('Bulgaria', 6120000, 1020000, 10500000, 19620000, 21180000, 23580000, 14760000, 16500000, 19440000, 21780000, 16500000, 21000000, 20460000, 23820000, 21840000, 25800000, 25200000, 21840000, 26700000, 24540000, 23700000, 21600000, 22560000, 25140000, 22560000, 24360000, 27120000, 24900000, 25560000, 25380000, 625080000);
INSERT INTO coffee_importers_consumption VALUES ('Croatia', 0, 0, 8100000, 7920000, 9840000, 17280000, 18240000, 21660000, 19200000, 20220000, 19620000, 20220000, 21300000, 22500000, 22200000, 22440000, 23160000, 23160000, 22620000, 21960000, 22200000, 22020000, 21600000, 23220000, 22080000, 22500000, 22800000, 21660000, 21600000, 22860000, 564180000);
INSERT INTO coffee_importers_consumption VALUES ('Cyprus', 1860000, 2700000, 2340000, 4680000, 2700000, 2580000, 3120000, 2760000, 2760000, 3240000, 4020000, 3180000, 3060000, 3180000, 3600000, 4200000, 3300000, 4140000, 4620000, 4500000, 4440000, 4860000, 5100000, 5340000, 4860000, 5580000, 5580000, 5820000, 7800000, 6900000, 122820000);
INSERT INTO coffee_importers_consumption VALUES ('Czechia', 39540000, 31500000, 28320000, 26880000, 30540000, 30660000, 28500000, 29100000, 31380000, 33480000, 33600000, 37980000, 38520000, 37380000, 36300000, 39360000, 37860000, 40740000, 37260000, 31500000, 28200000, 34320000, 41100000, 38220000, 59880000, 42480000, 48360000, 48240000, 69480000, 50580000, 1141260000);
INSERT INTO coffee_importers_consumption VALUES ('Denmark', 51900000, 54540000, 57540000, 53460000, 54480000, 45480000, 53700000, 48480000, 51240000, 52140000, 47460000, 52080000, 48300000, 43440000, 50940000, 47700000, 49320000, 47640000, 41280000, 40560000, 48360000, 45720000, 48000000, 49320000, 44880000, 43860000, 45180000, 43980000, 44340000, 46680000, 1452000000);
INSERT INTO coffee_importers_consumption VALUES ('Estonia', 0, 0, 780000, 2640000, 3780000, 4980000, 5040000, 5940000, 5400000, 5700000, 5820000, 6420000, 6660000, 6840000, 7740000, 8700000, 10020000, 6060000, 9240000, 7380000, 6300000, 4020000, 6240000, 7200000, 7020000, 7140000, 7260000, 6540000, 7560000, 7380000, 175800000);
INSERT INTO coffee_importers_consumption VALUES ('Finland', 64200000, 57960000, 61800000, 67740000, 63000000, 44100000, 54060000, 56340000, 60060000, 58740000, 58020000, 56820000, 58200000, 57960000, 62040000, 66120000, 62820000, 63420000, 66900000, 63480000, 64800000, 65580000, 64920000, 65700000, 61800000, 66600000, 68820000, 63720000, 66360000, 80880000, 1872960000);
INSERT INTO coffee_importers_consumption VALUES ('France', 312300000, 333420000, 336840000, 330420000, 306660000, 318780000, 330720000, 329220000, 321060000, 334680000, 324120000, 315180000, 331560000, 323640000, 295740000, 287220000, 316680000, 337680000, 309120000, 340620000, 342780000, 357720000, 347400000, 342420000, 357240000, 335460000, 322500000, 333000000, 359160000, 371520000, 9904860000);
INSERT INTO coffee_importers_consumption VALUES ('Germany', 436740000, 742620000, 574200000, 679500000, 492840000, 673860000, 635640000, 580200000, 598560000, 584880000, 526200000, 543540000, 509880000, 569940000, 626700000, 519900000, 549060000, 517620000, 572100000, 533820000, 557520000, 567600000, 529800000, 562680000, 520920000, 505260000, 514980000, 513300000, 507660000, 520200000, 16767720000);
INSERT INTO coffee_importers_consumption VALUES ('Greece', 37860000, 23220000, 19200000, 8880000, 21360000, 22980000, 42900000, 44340000, 40080000, 38460000, 41220000, 32880000, 49620000, 55740000, 52260000, 52200000, 51420000, 60900000, 58680000, 58440000, 59640000, 61380000, 64560000, 66060000, 65280000, 62940000, 83160000, 45360000, 63540000, 68340000, 1452900000);
INSERT INTO coffee_importers_consumption VALUES ('Hungary', 34440000, 22800000, 20880000, 33420000, 43440000, 26820000, 34260000, 36120000, 39120000, 39420000, 37980000, 38820000, 38220000, 38760000, 42480000, 34200000, 35880000, 31320000, 29640000, 26700000, 22560000, 10800000, 15120000, 10620000, 24000000, 24240000, 22260000, 24480000, 26880000, 25080000, 890760000);
INSERT INTO coffee_importers_consumption VALUES ('Ireland', 7200000, 6780000, 5460000, 6420000, 7620000, 6420000, 5220000, 5820000, 5520000, 8100000, 4980000, 8760000, 8160000, 9060000, 13500000, 13380000, 12180000, 14640000, 6900000, 8040000, 9600000, 10740000, 12840000, 11760000, 15420000, 17580000, 19080000, 17460000, 22200000, 22200000, 323040000);
INSERT INTO coffee_importers_consumption VALUES ('Italy', 289920000, 255240000, 247920000, 293280000, 286440000, 278640000, 286560000, 294780000, 296160000, 295140000, 308940000, 314580000, 310920000, 330420000, 328140000, 333120000, 335580000, 349260000, 353520000, 348360000, 346860000, 341340000, 342600000, 338040000, 351660000, 339600000, 359880000, 336600000, 357300000, 328140000, 9578940000);
INSERT INTO coffee_importers_consumption VALUES ('Latvia', 0, 0, 1140000, 2460000, 360000, 840000, 3000000, 7200000, 8040000, 9960000, 9720000, 9000000, 8700000, 9540000, 9300000, 8640000, 10860000, 7860000, 6900000, 5280000, 5940000, 6060000, 6060000, 5700000, 6600000, 6360000, 6660000, 7080000, 5880000, 6840000, 181980000);
INSERT INTO coffee_importers_consumption VALUES ('Lithuania', 0, 0, 120000, 540000, 2220000, 4080000, 3960000, 6480000, 8100000, 9480000, 10380000, 12240000, 12480000, 10380000, 11820000, 11580000, 12780000, 13800000, 12240000, 12600000, 13380000, 10800000, 11580000, 11820000, 13380000, 12720000, 14520000, 14400000, 15720000, 15060000, 288660000);
INSERT INTO coffee_importers_consumption VALUES ('Luxembourg', 0, 0, 0, 0, 0, 0, 0, 0, 0, 3660000, 8640000, 7980000, 10320000, 11400000, 13260000, 13620000, 13980000, 15060000, 14340000, 13320000, 13920000, 12900000, 12720000, 14460000, 15300000, 13320000, 13380000, 12660000, 15360000, 13440000, 263040000);
INSERT INTO coffee_importers_consumption VALUES ('Malta', 1200000, 780000, 960000, 1320000, 720000, 1260000, 540000, 540000, 420000, 540000, 540000, 540000, 540000, 660000, 960000, 960000, 1740000, 960000, 1380000, 840000, 720000, 960000, 1260000, 1320000, 1500000, 900000, 1080000, 960000, 1140000, 1380000, 28620000);
INSERT INTO coffee_importers_consumption VALUES ('Netherlands', 142980000, 149280000, 195660000, 163140000, 127320000, 137580000, 150540000, 142020000, 117660000, 88260000, 111600000, 100620000, 94440000, 104580000, 118680000, 115620000, 127740000, 137520000, 79440000, 53880000, 80820000, 54540000, 82920000, 97500000, 108000000, 101760000, 124740000, 117840000, 128700000, 121800000, 3477180000);
INSERT INTO coffee_importers_consumption VALUES ('Poland', 20100000, 14580000, 99000000, 92700000, 104520000, 98220000, 105300000, 117960000, 117900000, 119100000, 122760000, 133320000, 132060000, 134520000, 136860000, 136020000, 119580000, 93240000, 100860000, 120060000, 129360000, 122040000, 116160000, 100140000, 69000000, 85200000, 118500000, 134460000, 146160000, 150060000, 3289740000);
INSERT INTO coffee_importers_consumption VALUES ('Portugal', 28020000, 26880000, 34380000, 31740000, 40380000, 37920000, 36900000, 36180000, 41760000, 44220000, 38760000, 44700000, 43200000, 39420000, 45780000, 44640000, 46080000, 46140000, 44820000, 43860000, 48720000, 51540000, 49680000, 50400000, 51180000, 46980000, 52020000, 50640000, 52380000, 55860000, 1305180000);
INSERT INTO coffee_importers_consumption VALUES ('Romania', 26520000, 20100000, 36060000, 25200000, 20820000, 33000000, 41760000, 37800000, 35040000, 30420000, 33060000, 37980000, 44280000, 45300000, 49080000, 51420000, 50100000, 49440000, 48420000, 46500000, 47760000, 48120000, 50940000, 53460000, 54780000, 58920000, 64320000, 66180000, 67200000, 66480000, 1340460000);
INSERT INTO coffee_importers_consumption VALUES ('Slovakia', 0, 0, 0, 16560000, 14040000, 13380000, 14640000, 14040000, 14460000, 14940000, 15780000, 17040000, 16500000, 17100000, 16980000, 17580000, 16860000, 21360000, 20460000, 12780000, 20220000, 23280000, 12060000, 19680000, 29880000, 16020000, 13560000, 9120000, 16680000, 13620000, 448620000);
INSERT INTO coffee_importers_consumption VALUES ('Slovenia', 0, 0, 6900000, 8880000, 9120000, 8400000, 9840000, 9660000, 9720000, 10260000, 10380000, 10980000, 11280000, 10020000, 11100000, 10860000, 10560000, 11700000, 11640000, 11880000, 12300000, 12480000, 11100000, 11040000, 11220000, 11280000, 11580000, 11400000, 13080000, 12240000, 300900000);
INSERT INTO coffee_importers_consumption VALUES ('Spain', 162840000, 159060000, 182700000, 163680000, 166440000, 163920000, 174060000, 178620000, 179760000, 199440000, 179460000, 167700000, 169980000, 164400000, 162300000, 180420000, 181020000, 191880000, 209100000, 201120000, 193920000, 188940000, 206100000, 194040000, 221760000, 211440000, 206220000, 189060000, 185700000, 195180000, 5530260000);
INSERT INTO coffee_importers_consumption VALUES ('Sweden', 101340000, 96240000, 98040000, 97080000, 100140000, 72240000, 77880000, 74460000, 74880000, 76740000, 70380000, 75060000, 73440000, 70680000, 74040000, 70200000, 78900000, 74640000, 76320000, 67980000, 73260000, 67500000, 69540000, 70500000, 99120000, 97380000, 107880000, 103560000, 100980000, 106140000, 2496540000);
INSERT INTO coffee_importers_consumption VALUES ('Japan', 303600000, 348540000, 307920000, 344400000, 358380000, 366960000, 350280000, 358080000, 363120000, 376380000, 397560000, 416160000, 412500000, 406200000, 427020000, 427680000, 436080000, 436920000, 423900000, 427800000, 431520000, 420900000, 427860000, 446100000, 449640000, 461700000, 472320000, 464520000, 470040000, 453060000, 12187140000);
INSERT INTO coffee_importers_consumption VALUES ('Norway', 43620000, 45480000, 44160000, 41400000, 48000000, 39420000, 42780000, 40500000, 42120000, 47100000, 39420000, 42600000, 41520000, 40980000, 42540000, 44580000, 43260000, 46260000, 42900000, 42900000, 44760000, 47100000, 43380000, 45780000, 43740000, 47280000, 46920000, 46860000, 44040000, 46260000, 1317660000);
INSERT INTO coffee_importers_consumption VALUES ('Russian Federation', 0, 0, 82620000, 107700000, 102720000, 99000000, 63780000, 111420000, 98820000, 81120000, 111780000, 181920000, 207060000, 220740000, 184620000, 191100000, 193260000, 238620000, 217980000, 186780000, 222000000, 225240000, 221760000, 218880000, 241260000, 230760000, 266340000, 270720000, 254040000, 289200000, 5121240000);
INSERT INTO coffee_importers_consumption VALUES ('Switzerland', 54420000, 56940000, 59700000, 52140000, 56640000, 56100000, 55320000, 42720000, 48660000, 51780000, 49620000, 48960000, 49260000, 51120000, 43320000, 65940000, 55920000, 59340000, 68940000, 57960000, 60720000, 62040000, 62820000, 67380000, 61680000, 65760000, 63960000, 53640000, 70200000, 64380000, 1717380000);
INSERT INTO coffee_importers_consumption VALUES ('Tunisia', 6060000, 5400000, 6660000, 6060000, 8220000, 8220000, 8640000, 9900000, 8820000, 11100000, 11520000, 13920000, 14040000, 7200000, 15780000, 11400000, 12000000, 15180000, 19020000, 17340000, 18060000, 24900000, 25260000, 25740000, 27600000, 27480000, 27900000, 32760000, 31980000, 30480000, 488640000);
INSERT INTO coffee_importers_consumption VALUES ('United Kingdom', 140880000, 140520000, 150960000, 152040000, 158400000, 132000000, 144360000, 146460000, 155280000, 136560000, 140520000, 132900000, 135660000, 134160000, 147480000, 160800000, 183540000, 169440000, 184020000, 193200000, 188040000, 175500000, 175560000, 169680000, 175680000, 215460000, 210060000, 199980000, 227280000, 226200000, 5002620000);
INSERT INTO coffee_importers_consumption VALUES ('United States of America', 1097880000, 1119660000, 1097400000, 1153020000, 1039560000, 1041780000, 1083540000, 1067700000, 1116240000, 1161540000, 1124760000, 1173240000, 1147500000, 1211580000, 1258380000, 1259880000, 1240020000, 1261980000, 1299120000, 1286160000, 1306980000, 1322640000, 1333920000, 1405020000, 1426020000, 1466280000, 1514580000, 1570980000, 1590840000, 1638600000, 37816800000);


INSERT INTO coffee_production VALUES ('Angola', 'Robusta/Arabica', 3000000, 4740000, 4680000, 1980000, 4620000, 3720000, 4260000, 3840000, 5100000, 3300000, 3000000, 1260000, 3420000, 2280000, 900000, 1500000, 2100000, 2160000, 2280000, 780000, 2100000, 1740000, 1980000, 2100000, 2340000, 2460000, 2700000, 2100000, 2520000, 3120000, 82080000);
INSERT INTO coffee_production VALUES ('Bolivia (Plurinational State of)', 'Arabica', 7380000, 6240000, 7200000, 3060000, 7020000, 8520000, 7500000, 8460000, 8280000, 9480000, 8880000, 5640000, 7620000, 6180000, 9300000, 6600000, 8760000, 6960000, 7200000, 7680000, 7020000, 7920000, 6300000, 7200000, 6000000, 5040000, 4680000, 5040000, 4980000, 4860000, 207000000);
INSERT INTO coffee_production VALUES ('Brazil', 'Arabica/Robusta', 1637160000, 1637580000, 2076180000, 1690020000, 1691520000, 1083600000, 1751820000, 1568880000, 2205660000, 2854680000, 1878600000, 1881900000, 2901120000, 1732380000, 2356860000, 1975980000, 2905920000, 2334660000, 3089460000, 2638620000, 3325680000, 2915520000, 3325080000, 3281340000, 3198300000, 3172260000, 3407280000, 3164400000, 3907860000, 3492660000, 75082980000);
INSERT INTO coffee_production VALUES ('Burundi', 'Arabica/Robusta', 29220000, 40020000, 37200000, 23580000, 39840000, 26040000, 24060000, 15000000, 29520000, 21060000, 29220000, 8640000, 27240000, 20280000, 26220000, 6180000, 29880000, 7980000, 24720000, 6720000, 21180000, 12240000, 24360000, 9780000, 14880000, 16140000, 11760000, 12120000, 12240000, 16320000, 623640000);
INSERT INTO coffee_production VALUES ('Ecuador', 'Arabica/Robusta', 90240000, 127440000, 71100000, 124140000, 142560000, 113280000, 119580000, 71460000, 72360000, 71880000, 51240000, 47580000, 34920000, 38460000, 46800000, 56100000, 62100000, 57000000, 46260000, 48780000, 51240000, 49500000, 49680000, 39960000, 38640000, 38640000, 38700000, 37440000, 29760000, 33540000, 1900380000);
INSERT INTO coffee_production VALUES ('Indonesia', 'Robusta/Arabica', 446460000, 509580000, 334140000, 404580000, 322080000, 274380000, 493260000, 457260000, 437760000, 393420000, 419220000, 409980000, 403860000, 384240000, 452160000, 549540000, 448980000, 466620000, 576720000, 682800000, 547740000, 413340000, 784200000, 774060000, 656760000, 755100000, 692460000, 651120000, 577080000, 685980000, 15404880000);
INSERT INTO coffee_production VALUES ('Madagascar', 'Robusta', 58920000, 55980000, 67320000, 26520000, 38460000, 47100000, 50940000, 37440000, 59520000, 25620000, 21720000, 8820000, 26700000, 26100000, 31320000, 35940000, 35220000, 36840000, 43680000, 27420000, 31800000, 35100000, 30000000, 35040000, 30060000, 24840000, 27180000, 24240000, 22740000, 22980000, 1045560000);
INSERT INTO coffee_production VALUES ('Malawi', 'Arabica', 6300000, 7440000, 8220000, 3720000, 5040000, 5460000, 2940000, 3660000, 3840000, 3540000, 3780000, 3600000, 2520000, 2880000, 1260000, 1440000, 1020000, 1140000, 1260000, 1020000, 1020000, 1560000, 1380000, 1680000, 1500000, 1260000, 1200000, 840000, 780000, 960000, 82260000);
INSERT INTO coffee_production VALUES ('Papua New Guinea', 'Arabica/Robusta', 57780000, 44820000, 54000000, 61140000, 68340000, 60120000, 65340000, 64440000, 81120000, 83220000, 62460000, 63780000, 65100000, 69300000, 59880000, 76080000, 48420000, 58080000, 61680000, 62280000, 52020000, 84840000, 42960000, 50100000, 47880000, 42720000, 70260000, 44040000, 55800000, 45120000, 1803120000);
INSERT INTO coffee_production VALUES ('Paraguay', 'Arabica', 7860000, 4800000, 3240000, 4020000, 1500000, 1560000, 1860000, 2940000, 1920000, 1140000, 1320000, 1320000, 2160000, 2820000, 2280000, 2640000, 2100000, 2340000, 1200000, 1200000, 1200000, 1200000, 1200000, 1200000, 1200000, 1200000, 1200000, 1200000, 1200000, 1200000, 62220000);
INSERT INTO coffee_production VALUES ('Peru', 'Arabica', 56220000, 72000000, 105720000, 39900000, 70740000, 112260000, 108360000, 115800000, 126120000, 164640000, 160560000, 169740000, 180000000, 161160000, 205500000, 149340000, 259140000, 183780000, 232320000, 197160000, 244140000, 322380000, 267000000, 246360000, 172980000, 198240000, 253380000, 256740000, 255780000, 230160000, 5317620000);
INSERT INTO coffee_production VALUES ('Rwanda', 'Arabica', 32100000, 29040000, 38340000, 26640000, 1320000, 19740000, 17580000, 11580000, 13380000, 18420000, 16380000, 17760000, 19200000, 15960000, 27000000, 20220000, 21060000, 13440000, 22140000, 15540000, 19380000, 15060000, 15540000, 15480000, 14280000, 17580000, 13860000, 15840000, 22800000, 20880000, 567540000);
INSERT INTO coffee_production VALUES ('Timor-Leste', 'Arabica', 0, 0, 0, 0, 0, 0, 0, 0, 0, 0, 420000, 1980000, 2220000, 2520000, 1020000, 1440000, 2760000, 2160000, 2880000, 2820000, 3600000, 2820000, 3660000, 4800000, 6660000, 3540000, 4920000, 3900000, 8340000, 6180000, 68640000);
INSERT INTO coffee_production VALUES ('Zimbabwe', 'Arabica', 15120000, 12060000, 4680000, 720000, 6360000, 7860000, 10440000, 7800000, 8940000, 7500000, 6540000, 7260000, 6600000, 5520000, 7200000, 3960000, 2700000, 1860000, 1440000, 1260000, 600000, 540000, 420000, 540000, 900000, 840000, 900000, 420000, 600000, 540000, 132120000);
INSERT INTO coffee_production VALUES ('Congo', 'Robusta', 180000, 180000, 180000, 180000, 480000, 720000, 840000, 180000, 180000, 180000, 180000, 180000, 180000, 180000, 180000, 180000, 180000, 180000, 180000, 180000, 180000, 180000, 180000, 180000, 180000, 180000, 180000, 180000, 180000, 180000, 6900000);
INSERT INTO coffee_production VALUES ('Cuba', 'Arabica', 24840000, 18120000, 17040000, 17100000, 17040000, 17100000, 21960000, 18000000, 16800000, 19680000, 18720000, 17100000, 14340000, 13440000, 10800000, 6000000, 6300000, 6600000, 7980000, 5520000, 6480000, 6000000, 5280000, 6420000, 6060000, 6000000, 6180000, 6780000, 7680000, 7800000, 359160000);
INSERT INTO coffee_production VALUES ('Dominican Republic', 'Arabica/Robusta', 52800000, 19260000, 38280000, 36240000, 43800000, 53160000, 31140000, 56460000, 29220000, 36420000, 28020000, 23220000, 27300000, 21060000, 29460000, 18600000, 23220000, 27900000, 38700000, 21120000, 22680000, 29460000, 29280000, 25500000, 23820000, 24000000, 24720000, 24720000, 25860000, 24120000, 909540000);
INSERT INTO coffee_production VALUES ('Haiti', 'Arabica', 23580000, 27780000, 30000000, 27060000, 27000000, 30840000, 25680000, 25920000, 26340000, 23940000, 25200000, 24180000, 22440000, 22440000, 21900000, 21360000, 21720000, 21540000, 21540000, 21060000, 21000000, 20940000, 21000000, 20700000, 20580000, 20460000, 20520000, 20520000, 20820000, 20820000, 698880000);
INSERT INTO coffee_production VALUES ('Philippines', 'Robusta/Arabica', 58440000, 61080000, 55200000, 52500000, 52620000, 51000000, 53400000, 56100000, 40620000, 37320000, 20460000, 15780000, 15300000, 17580000, 21300000, 25920000, 26460000, 26760000, 35220000, 43800000, 11340000, 10800000, 10620000, 11160000, 11580000, 12480000, 12900000, 12180000, 12360000, 18420000, 890700000);
INSERT INTO coffee_production VALUES ('Tanzania', 'Arabica/Robusta', 55920000, 47400000, 47160000, 44040000, 40740000, 53820000, 45840000, 37440000, 44340000, 50520000, 48540000, 37440000, 49440000, 36720000, 45780000, 48240000, 49320000, 48600000, 71160000, 40500000, 50760000, 38460000, 69060000, 48660000, 45180000, 55800000, 50760000, 46980000, 70500000, 55560000, 1474680000);
INSERT INTO coffee_production VALUES ('Zambia', 'Arabica', 1380000, 1740000, 1740000, 1620000, 1260000, 1560000, 1980000, 2280000, 3720000, 3540000, 5580000, 6000000, 7140000, 6000000, 6600000, 6180000, 3360000, 3660000, 2100000, 1680000, 780000, 660000, 300000, 660000, 180000, 240000, 780000, 1140000, 2040000, 900000, 76800000);
INSERT INTO coffee_production VALUES ('Cameroon', 'Robusta/Arabica', 100920000, 103560000, 15600000, 40980000, 24360000, 39600000, 85920000, 53340000, 66840000, 82200000, 66780000, 41160000, 48060000, 54000000, 43620000, 52200000, 49080000, 47700000, 43500000, 54120000, 31620000, 40140000, 22260000, 24240000, 28980000, 23460000, 17520000, 22200000, 18600000, 16080000, 1358640000);
INSERT INTO coffee_production VALUES ('Central African Republic', 'Robusta', 10500000, 7500000, 8040000, 9960000, 15000000, 6480000, 12480000, 6840000, 12900000, 14460000, 6780000, 4080000, 5520000, 2580000, 1740000, 1380000, 6840000, 2580000, 3600000, 6720000, 4680000, 5460000, 1380000, 5400000, 3780000, 6000000, 2220000, 3600000, 2220000, 3300000, 184020000);
INSERT INTO coffee_production VALUES ('Colombia', 'Arabica', 863760000, 1078800000, 896820000, 685320000, 777840000, 776280000, 646740000, 727320000, 652080000, 570720000, 631140000, 717000000, 702720000, 663180000, 685740000, 717120000, 729840000, 750900000, 519840000, 485880000, 511380000, 459180000, 595620000, 727440000, 799980000, 840540000, 878040000, 829440000, 831960000, 846000000, 21598620000);
INSERT INTO coffee_production VALUES ('Costa Rica', 'Arabica', 153720000, 165600000, 179880000, 141540000, 148920000, 170640000, 133320000, 157020000, 146700000, 149100000, 145140000, 134820000, 122580000, 113160000, 112560000, 99180000, 102360000, 107820000, 90000000, 88620000, 96840000, 109860000, 109380000, 93120000, 88500000, 86400000, 82320000, 93660000, 85620000, 88320000, 3596700000);
INSERT INTO coffee_production VALUES ('Côte d''Ivoire', 'Robusta', 176400000, 247740000, 134760000, 137580000, 180360000, 151920000, 291540000, 249840000, 119520000, 379200000, 290760000, 215760000, 180600000, 178860000, 128160000, 125940000, 170880000, 80280000, 151560000, 119340000, 50220000, 132960000, 119640000, 155880000, 103680000, 77340000, 67020000, 97440000, 130500000, 115740000, 4761420000);
INSERT INTO coffee_production VALUES ('Democratic Republic of Congo', 'Robusta/Arabica', 94800000, 73800000, 70800000, 58800000, 77880000, 65880000, 47700000, 48660000, 44280000, 28620000, 21780000, 25380000, 20280000, 27060000, 21600000, 20160000, 22680000, 24960000, 25320000, 20760000, 18300000, 21420000, 20040000, 20820000, 20100000, 22260000, 16740000, 22920000, 23820000, 23460000, 1051080000);
INSERT INTO coffee_production VALUES ('El Salvador', 'Arabica', 147900000, 131880000, 180060000, 142680000, 137580000, 155100000, 152040000, 130500000, 123300000, 155880000, 102240000, 101640000, 81660000, 82800000, 71820000, 79140000, 74040000, 90300000, 87000000, 64500000, 112380000, 69840000, 74400000, 30900000, 39900000, 33900000, 36600000, 45600000, 45660000, 39660000, 2820900000);
INSERT INTO coffee_production VALUES ('Equatorial Guinea', 'Robusta', 240000, 180000, 120000, 0, 180000, 120000, 60000, 120000, 60000, 0, 0, 0, 0, 0, 0, 0, 0, 0, 0, 0, 0, 0, 0, 0, 0, 0, 0, 0, 0, 0, 1080000);
INSERT INTO coffee_production VALUES ('Ethiopia', 'Arabica', 174540000, 175500000, 109500000, 178020000, 165780000, 189900000, 204420000, 183420000, 175680000, 227040000, 186900000, 242640000, 245640000, 263640000, 312780000, 286740000, 333060000, 358020000, 296940000, 409800000, 333600000, 339000000, 367920000, 374520000, 382980000, 390900000, 428580000, 440820000, 450660000, 440580000, 8669520000);
INSERT INTO coffee_production VALUES ('Gabon', 'Robusta', 180000, 120000, 180000, 180000, 480000, 120000, 60000, 180000, 240000, 120000, 0, 60000, 60000, 0, 0, 60000, 60000, 60000, 120000, 0, 120000, 60000, 60000, 0, 60000, 60000, 0, 0, 60000, 0, 2700000);
INSERT INTO coffee_production VALUES ('Ghana', 'Robusta', 2280000, 4560000, 2220000, 2700000, 3420000, 3420000, 1920000, 1620000, 3240000, 5340000, 4560000, 420000, 2040000, 1080000, 1080000, 720000, 1200000, 2100000, 1560000, 1140000, 4140000, 1800000, 1260000, 1500000, 2100000, 2160000, 1560000, 780000, 900000, 840000, 63660000);
INSERT INTO coffee_production VALUES ('Guatemala', 'Arabica/Robusta', 196260000, 209820000, 259080000, 212160000, 227220000, 240120000, 271500000, 253140000, 293580000, 307200000, 296400000, 220140000, 244200000, 216600000, 222180000, 220560000, 237000000, 246000000, 227100000, 230100000, 237000000, 231000000, 225780000, 191340000, 198600000, 204600000, 221040000, 224040000, 240420000, 216360000, 7020540000);
INSERT INTO coffee_production VALUES ('Guinea', 'Robusta', 2640000, 5460000, 4560000, 3840000, 11880000, 6240000, 8880000, 10320000, 25260000, 21840000, 24000000, 14160000, 19680000, 21960000, 18960000, 31500000, 28380000, 19380000, 30300000, 29940000, 23160000, 23160000, 14040000, 6060000, 9900000, 17160000, 16200000, 13740000, 9180000, 10680000, 482460000);
INSERT INTO coffee_production VALUES ('Guyana', 'Robusta', 0, 0, 0, 0, 0, 0, 0, 0, 360000, 300000, 180000, 300000, 300000, 300000, 360000, 420000, 480000, 540000, 600000, 540000, 540000, 600000, 600000, 780000, 540000, 660000, 600000, 600000, 600000, 600000, 10800000);
INSERT INTO coffee_production VALUES ('Honduras', 'Arabica', 94080000, 139320000, 115080000, 109740000, 130860000, 114540000, 120240000, 153840000, 131700000, 179100000, 160020000, 182160000, 149760000, 178080000, 154500000, 192240000, 207660000, 218400000, 207000000, 216180000, 259860000, 352920000, 281160000, 274980000, 316080000, 347160000, 447420000, 453600000, 429180000, 355860000, 6672720000);
INSERT INTO coffee_production VALUES ('India', 'Robusta/Arabica', 169740000, 180000000, 169380000, 211980000, 180120000, 240720000, 205020000, 246540000, 265020000, 292020000, 301200000, 288600000, 275280000, 282480000, 275460000, 273960000, 270000000, 262020000, 244320000, 289620000, 336000000, 320040000, 324180000, 304500000, 327000000, 349800000, 369660000, 348780000, 319500000, 299280000, 8222220000);
INSERT INTO coffee_production VALUES ('Jamaica', 'Arabica', 1380000, 2340000, 1560000, 2040000, 2700000, 2580000, 3240000, 2820000, 1740000, 2280000, 2220000, 1860000, 2220000, 2220000, 1260000, 2040000, 2400000, 1200000, 1920000, 1500000, 1260000, 1440000, 1440000, 1200000, 1260000, 1200000, 1080000, 1140000, 1080000, 1380000, 54000000);
INSERT INTO coffee_production VALUES ('Kenya', 'Arabica', 89100000, 90840000, 78960000, 79680000, 99780000, 99840000, 74820000, 52920000, 70380000, 90120000, 60120000, 59460000, 56700000, 40380000, 44160000, 39600000, 49560000, 39120000, 32460000, 37800000, 38460000, 45420000, 52500000, 50580000, 46200000, 47940000, 47580000, 47400000, 55800000, 50640000, 1768320000);
INSERT INTO coffee_production VALUES ('Lao People''s Democratic Republic', 'Robusta', 0, 0, 0, 0, 0, 0, 0, 0, 10260000, 14340000, 12720000, 15480000, 24120000, 21660000, 22740000, 16800000, 23460000, 23580000, 24360000, 26040000, 32640000, 30840000, 32460000, 32640000, 33120000, 32100000, 30600000, 31980000, 38820000, 37320000, 568080000);
INSERT INTO coffee_production VALUES ('Liberia', 'Robusta', 180000, 180000, 180000, 300000, 300000, 300000, 300000, 300000, 1080000, 720000, 720000, 720000, 720000, 300000, 360000, 300000, 420000, 420000, 720000, 780000, 600000, 600000, 600000, 360000, 420000, 600000, 720000, 960000, 360000, 360000, 14880000);
INSERT INTO coffee_production VALUES ('Mexico', 'Arabica/Robusta', 280440000, 283620000, 204060000, 301380000, 249540000, 318000000, 306600000, 288120000, 288060000, 373140000, 288900000, 266280000, 261060000, 252060000, 232020000, 253500000, 252000000, 249000000, 279060000, 246540000, 240060000, 273660000, 259620000, 234960000, 218160000, 166320000, 218100000, 269100000, 261060000, 239100000, 7853520000);
INSERT INTO coffee_production VALUES ('Nepal', 'Arabica', 0, 0, 0, 0, 0, 0, 0, 0, 0, 0, 0, 0, 0, 60000, 60000, 60000, 120000, 60000, 60000, 60000, 180000, 120000, 60000, 60000, 120000, 120000, 60000, 120000, 60000, 60000, 1440000);
INSERT INTO coffee_production VALUES ('Nicaragua', 'Arabica', 27660000, 42420000, 32820000, 42360000, 40980000, 59100000, 47580000, 65040000, 64380000, 93240000, 94320000, 64740000, 70200000, 90540000, 64080000, 85920000, 85680000, 114360000, 86700000, 112260000, 98280000, 131580000, 112380000, 123600000, 113880000, 127800000, 153300000, 158520000, 172740000, 172920000, 2749380000);
INSERT INTO coffee_production VALUES ('Nigeria', 'Robusta', 1740000, 2640000, 2940000, 2700000, 3120000, 3180000, 2760000, 2700000, 3180000, 2700000, 2940000, 2640000, 3000000, 2760000, 2700000, 4140000, 3060000, 2520000, 3000000, 2040000, 2520000, 2820000, 2460000, 2460000, 2580000, 2460000, 2580000, 2520000, 2520000, 2520000, 81900000);
INSERT INTO coffee_production VALUES ('Panama', 'Arabica', 12900000, 11580000, 11820000, 8520000, 14880000, 12540000, 12660000, 13020000, 11520000, 9960000, 10200000, 9600000, 8400000, 10320000, 5400000, 10560000, 10380000, 10560000, 8940000, 8280000, 6840000, 6360000, 6960000, 6780000, 6360000, 7620000, 7200000, 6300000, 7680000, 6840000, 280980000);
INSERT INTO coffee_production VALUES ('Sierra Leone', 'Robusta', 2580000, 3240000, 2340000, 2220000, 4380000, 2640000, 2460000, 3000000, 1620000, 3540000, 2940000, 4740000, 2520000, 2160000, 900000, 3600000, 1860000, 2400000, 5160000, 5460000, 1980000, 4680000, 3660000, 1920000, 2760000, 2760000, 2280000, 2280000, 2700000, 2400000, 87180000);
INSERT INTO coffee_production VALUES ('Sri Lanka', 'Robusta/Arabica', 5760000, 4920000, 3180000, 3240000, 2520000, 2160000, 2220000, 3480000, 2760000, 1920000, 1980000, 1920000, 2040000, 2220000, 1920000, 2100000, 1980000, 1980000, 1860000, 1920000, 2220000, 2160000, 2100000, 2220000, 2160000, 2160000, 2220000, 2220000, 2160000, 2160000, 73860000);
INSERT INTO coffee_production VALUES ('Thailand', 'Robusta/Arabica', 45420000, 88140000, 75300000, 76500000, 83940000, 79020000, 84240000, 77580000, 54960000, 76380000, 101520000, 42840000, 43920000, 49620000, 53040000, 63840000, 49320000, 39000000, 40500000, 47700000, 49680000, 49860000, 36480000, 38280000, 50700000, 45720000, 32280000, 38280000, 28920000, 31020000, 1674000000);
INSERT INTO coffee_production VALUES ('Togo', 'Robusta', 9660000, 25980000, 5160000, 11700000, 10560000, 5040000, 17460000, 13260000, 19260000, 15780000, 11820000, 6720000, 4080000, 8640000, 9960000, 8400000, 8040000, 7500000, 8280000, 12120000, 9600000, 9600000, 5040000, 10320000, 8580000, 4860000, 1380000, 6900000, 3240000, 2460000, 281400000);
INSERT INTO coffee_production VALUES ('Trinidad & Tobago', 'Robusta', 900000, 1080000, 840000, 960000, 1080000, 1080000, 1080000, 1140000, 1020000, 1020000, 960000, 960000, 1020000, 960000, 900000, 900000, 720000, 720000, 660000, 660000, 600000, 660000, 720000, 720000, 720000, 720000, 720000, 720000, 780000, 720000, 25740000);
INSERT INTO coffee_production VALUES ('Uganda', 'Robusta/Arabica', 117300000, 125280000, 131100000, 188520000, 143580000, 194640000, 205140000, 206400000, 203160000, 171720000, 204060000, 189480000, 173400000, 155940000, 156780000, 130500000, 173640000, 209400000, 200100000, 173640000, 196020000, 186900000, 234840000, 217980000, 224640000, 219000000, 297720000, 275820000, 282240000, 330540000, 5919480000);
INSERT INTO coffee_production VALUES ('Venezuela', 'Arabica', 67320000, 56460000, 72900000, 79980000, 59340000, 88020000, 72360000, 57060000, 95820000, 82020000, 87000000, 75900000, 89040000, 85260000, 79620000, 90360000, 94260000, 91200000, 55920000, 72840000, 72120000, 54120000, 57120000, 48240000, 39000000, 30000000, 31500000, 34320000, 34680000, 39000000, 1992780000);
INSERT INTO coffee_production VALUES ('Viet Nam', 'Robusta/Arabica', 78600000, 86280000, 140400000, 181200000, 217920000, 238200000, 345120000, 418740000, 423120000, 697860000, 890460000, 785580000, 694440000, 920220000, 862200000, 830520000, 1160400000, 984300000, 1106280000, 1069500000, 1200000000, 1590000000, 1404120000, 1656600000, 1634460000, 1865400000, 1669140000, 2005920000, 1816980000, 1829220000, 28803180000);
INSERT INTO coffee_production VALUES ('Yemen', 'Arabica', 0, 0, 0, 0, 0, 0, 0, 0, 4140000, 3660000, 3840000, 3720000, 3420000, 11580000, 12360000, 12180000, 12420000, 11880000, 13200000, 8100000, 9660000, 11100000, 11280000, 11220000, 10680000, 9360000, 8580000, 7920000, 5160000, 5460000, 190920000);


INSERT INTO coffee_re_export VALUES ('Austria', 24900000, 45360000, 57600000, 32100000, 22860000, 13740000, 9780000, 13320000, 12600000, 23880000, 24540000, 26400000, 31680000, 37200000, 32580000, 48360000, 59460000, 67200000, 59520000, 24900000, 27780000, 21900000, 18240000, 18660000, 23160000, 22680000, 18480000, 18480000, 15420000, 16440000, 869220000);
INSERT INTO coffee_re_export VALUES ('Belgium', 0, 0, 0, 0, 0, 0, 0, 0, 0, 130140000, 141420000, 139440000, 138480000, 134280000, 154320000, 174300000, 184020000, 174660000, 368520000, 298860000, 303180000, 293640000, 285240000, 255420000, 237180000, 267600000, 273000000, 262620000, 262620000, 300840000, 4779780000);
INSERT INTO coffee_re_export VALUES ('Belgium/Luxembourg', 53460000, 62280000, 67860000, 76440000, 78240000, 79680000, 89220000, 99480000, 136200000, 0, 0, 0, 0, 0, 0, 0, 0, 0, 0, 0, 0, 0, 0, 0, 0, 0, 0, 0, 0, 0, 742860000);
INSERT INTO coffee_re_export VALUES ('Bulgaria', 9960000, 10980000, 420000, 4200000, 6600000, 7320000, 1560000, 1140000, 1080000, 240000, 360000, 300000, 180000, 180000, 180000, 660000, 840000, 1740000, 4320000, 6840000, 7980000, 7320000, 11040000, 11460000, 14640000, 16500000, 19620000, 17520000, 18720000, 21720000, 205620000);
INSERT INTO coffee_re_export VALUES ('Croatia', 0, 0, 2040000, 1860000, 1800000, 1920000, 1020000, 1440000, 1140000, 900000, 1020000, 900000, 960000, 1020000, 1080000, 1080000, 1080000, 1620000, 1680000, 1680000, 1440000, 1440000, 1440000, 1560000, 3060000, 3780000, 5940000, 4680000, 5160000, 5160000, 57900000);
INSERT INTO coffee_re_export VALUES ('Cyprus', 960000, 420000, 240000, 120000, 60000, 60000, 60000, 60000, 60000, 120000, 60000, 240000, 240000, 360000, 420000, 540000, 1080000, 120000, 0, 0, 120000, 0, 60000, 120000, 480000, 180000, 240000, 120000, 60000, 1380000, 7980000);
INSERT INTO coffee_re_export VALUES ('Czechia', 0, 0, 180000, 3960000, 2700000, 2520000, 3000000, 4560000, 14460000, 10200000, 14940000, 15960000, 14760000, 21060000, 19440000, 24420000, 18540000, 21480000, 24960000, 24300000, 28860000, 22800000, 26460000, 32760000, 49500000, 81540000, 58380000, 42180000, 44760000, 45960000, 674640000);
INSERT INTO coffee_re_export VALUES ('Denmark', 5640000, 4440000, 6180000, 6180000, 7500000, 7140000, 6660000, 8460000, 9600000, 13500000, 13860000, 14100000, 16260000, 16680000, 16260000, 11940000, 10920000, 12060000, 12720000, 11040000, 12480000, 8820000, 6780000, 5940000, 6300000, 6540000, 9120000, 7200000, 7680000, 7800000, 289800000);
INSERT INTO coffee_re_export VALUES ('Estonia', 0, 0, 180000, 420000, 1200000, 1500000, 1980000, 2520000, 2700000, 2160000, 480000, 3240000, 540000, 1140000, 2820000, 4560000, 5220000, 10560000, 10860000, 14040000, 9480000, 6000000, 3180000, 2160000, 840000, 420000, 780000, 1500000, 1260000, 1500000, 93240000);
INSERT INTO coffee_re_export VALUES ('Finland', 1140000, 1260000, 2100000, 11880000, 13020000, 5820000, 10320000, 12300000, 11160000, 12900000, 10320000, 8880000, 7140000, 7320000, 7740000, 3240000, 7260000, 9000000, 10200000, 11100000, 11580000, 11640000, 9360000, 10860000, 10980000, 12660000, 14520000, 17880000, 10740000, 10080000, 284400000);
INSERT INTO coffee_re_export VALUES ('France', 54780000, 60420000, 61380000, 58560000, 69900000, 64860000, 70920000, 69960000, 71580000, 68460000, 64380000, 76020000, 75840000, 79680000, 62400000, 61680000, 57420000, 54060000, 57840000, 60840000, 63600000, 62580000, 61140000, 60840000, 65820000, 72540000, 77880000, 90840000, 98940000, 108720000, 2063880000);
INSERT INTO coffee_re_export VALUES ('Germany', 197520000, 195120000, 199080000, 196920000, 208140000, 193200000, 216780000, 236100000, 243780000, 238320000, 289500000, 320640000, 377280000, 391080000, 420660000, 501360000, 550620000, 641820000, 628260000, 649140000, 692520000, 700980000, 755400000, 721200000, 774660000, 749760000, 798780000, 816000000, 826200000, 828060000, 14558880000);
INSERT INTO coffee_re_export VALUES ('Greece', 660000, 1200000, 1740000, 13620000, 8760000, 8340000, 3060000, 3000000, 2220000, 5520000, 6660000, 19200000, 4260000, 4140000, 4260000, 3600000, 2460000, 3960000, 4680000, 4320000, 4080000, 7920000, 10080000, 10140000, 8760000, 9660000, 11820000, 6660000, 6060000, 6420000, 187260000);
INSERT INTO coffee_re_export VALUES ('Hungary', 0, 15660000, 10440000, 6660000, 2820000, 4320000, 1920000, 4380000, 3780000, 6300000, 9420000, 11160000, 11400000, 13080000, 16200000, 16920000, 18180000, 22260000, 19020000, 15540000, 21060000, 27600000, 29760000, 22860000, 26040000, 18660000, 21300000, 18780000, 19920000, 21300000, 436740000);
INSERT INTO coffee_re_export VALUES ('Ireland', 600000, 300000, 240000, 180000, 180000, 480000, 660000, 540000, 600000, 420000, 4320000, 2040000, 2040000, 4500000, 2160000, 1800000, 3120000, 1020000, 960000, 480000, 480000, 1800000, 2220000, 2280000, 2160000, 3900000, 5100000, 8220000, 4140000, 4140000, 61080000);
INSERT INTO coffee_re_export VALUES ('Italy', 22980000, 24120000, 27900000, 39840000, 47160000, 44940000, 49560000, 49560000, 56760000, 61380000, 69360000, 77400000, 80460000, 84600000, 93540000, 102480000, 116280000, 131280000, 136620000, 136320000, 146760000, 159780000, 177840000, 190980000, 208140000, 220140000, 251580000, 265020000, 279540000, 326280000, 3678600000);
INSERT INTO coffee_re_export VALUES ('Latvia', 0, 0, 60000, 1080000, 1020000, 900000, 960000, 1440000, 1500000, 1020000, 1140000, 360000, 1140000, 1620000, 1980000, 2820000, 2400000, 1200000, 2340000, 2640000, 2340000, 2400000, 3360000, 3960000, 6180000, 5700000, 7200000, 6660000, 8700000, 7260000, 79380000);
INSERT INTO coffee_re_export VALUES ('Lithuania', 0, 0, 0, 0, 600000, 2700000, 4980000, 4740000, 3000000, 2880000, 2340000, 3780000, 3300000, 2880000, 3540000, 5400000, 6180000, 6300000, 11220000, 12060000, 9180000, 6540000, 8580000, 9900000, 10380000, 12960000, 15420000, 11520000, 10800000, 13320000, 184500000);
INSERT INTO coffee_re_export VALUES ('Luxembourg', 0, 0, 0, 0, 0, 0, 0, 0, 0, 5040000, 5280000, 4560000, 4800000, 5940000, 5700000, 6240000, 6120000, 6540000, 6780000, 6480000, 7020000, 6660000, 6660000, 8220000, 9480000, 9240000, 10260000, 10140000, 10680000, 10740000, 152580000);
INSERT INTO coffee_re_export VALUES ('Malta', 60000, 180000, 120000, 60000, 120000, 60000, 0, 60000, 240000, 0, 0, 0, 60000, 0, 0, 0, 0, 0, 0, 0, 0, 60000, 0, 0, 0, 60000, 60000, 0, 0, 0, 1140000);
INSERT INTO coffee_re_export VALUES ('Netherlands', 35100000, 37980000, 38880000, 25500000, 40680000, 37020000, 34500000, 33420000, 54060000, 65640000, 66360000, 67020000, 71160000, 85980000, 70860000, 63660000, 69840000, 74340000, 58860000, 96240000, 74160000, 106140000, 80820000, 106860000, 132960000, 148800000, 162120000, 186240000, 202560000, 199440000, 2527200000);
INSERT INTO coffee_re_export VALUES ('Poland', 6000000, 420000, 8220000, 7560000, 6000000, 8040000, 10140000, 17220000, 19680000, 25080000, 31860000, 29820000, 26520000, 25320000, 24360000, 31440000, 39660000, 42540000, 46740000, 69660000, 67380000, 82200000, 96420000, 96900000, 124740000, 134760000, 111120000, 105480000, 113340000, 117120000, 1525740000);
INSERT INTO coffee_re_export VALUES ('Portugal', 1860000, 2040000, 2400000, 2280000, 3120000, 4440000, 5940000, 6480000, 5760000, 5940000, 7380000, 6960000, 6840000, 6600000, 4980000, 6420000, 6840000, 9120000, 8940000, 9960000, 11820000, 12600000, 13680000, 12720000, 13620000, 13920000, 15720000, 15000000, 16020000, 17340000, 256740000);
INSERT INTO coffee_re_export VALUES ('Romania', 0, 0, 180000, 360000, 0, 120000, 0, 60000, 660000, 300000, 60000, 60000, 60000, 0, 600000, 1020000, 1140000, 960000, 1140000, 2220000, 2580000, 2520000, 3240000, 4800000, 2760000, 1800000, 3660000, 3060000, 3240000, 3420000, 40020000);
INSERT INTO coffee_re_export VALUES ('Slovakia', 0, 0, 0, 780000, 1380000, 1620000, 960000, 1080000, 1020000, 1200000, 1380000, 1980000, 1500000, 1020000, 900000, 840000, 3960000, 9120000, 16200000, 14760000, 19080000, 23340000, 34260000, 28200000, 25260000, 38580000, 40800000, 34260000, 36720000, 32820000, 373020000);
INSERT INTO coffee_re_export VALUES ('Slovenia', 0, 0, 420000, 300000, 420000, 480000, 660000, 600000, 720000, 660000, 840000, 660000, 720000, 600000, 660000, 540000, 660000, 600000, 660000, 720000, 780000, 900000, 2160000, 4440000, 4860000, 5040000, 7800000, 12720000, 19920000, 24900000, 94440000);
INSERT INTO coffee_re_export VALUES ('Spain', 15900000, 16080000, 17220000, 10080000, 14220000, 23820000, 35700000, 46740000, 42000000, 38340000, 45180000, 74220000, 69960000, 81900000, 86220000, 87180000, 87660000, 91200000, 86460000, 86700000, 108180000, 100320000, 99540000, 98160000, 114360000, 114480000, 127500000, 136500000, 155100000, 166560000, 2277480000);
INSERT INTO coffee_re_export VALUES ('Sweden', 4620000, 6840000, 8280000, 8280000, 13440000, 13020000, 13500000, 13920000, 11520000, 10560000, 10260000, 10860000, 14340000, 15420000, 15720000, 31380000, 30300000, 31500000, 31920000, 31560000, 30300000, 31320000, 31200000, 32040000, 32820000, 29880000, 33120000, 34860000, 34740000, 34740000, 652260000);
INSERT INTO coffee_re_export VALUES ('Japan', 1200000, 2040000, 1620000, 2040000, 1620000, 420000, 360000, 1140000, 540000, 480000, 1920000, 4680000, 5940000, 8220000, 5220000, 3780000, 2820000, 5220000, 10740000, 7560000, 8580000, 4800000, 4260000, 5520000, 6660000, 7020000, 6660000, 6780000, 7440000, 9480000, 134760000);
INSERT INTO coffee_re_export VALUES ('Norway', 480000, 240000, 180000, 180000, 360000, 300000, 420000, 540000, 240000, 300000, 300000, 360000, 360000, 480000, 420000, 600000, 600000, 480000, 420000, 540000, 840000, 600000, 720000, 1080000, 840000, 720000, 1080000, 1140000, 540000, 900000, 16260000);
INSERT INTO coffee_re_export VALUES ('Russian Federation', 0, 0, 300000, 0, 840000, 4680000, 3900000, 19680000, 5100000, 960000, 1620000, 1500000, 3180000, 5580000, 7740000, 9060000, 14640000, 20400000, 25260000, 26400000, 27300000, 27780000, 28740000, 45720000, 43560000, 51840000, 47640000, 57360000, 63240000, 65820000, 609840000);
INSERT INTO coffee_re_export VALUES ('Switzerland', 9960000, 9060000, 9300000, 9960000, 11760000, 10500000, 14580000, 16800000, 15240000, 18120000, 18780000, 22860000, 26520000, 25380000, 30720000, 34020000, 37260000, 50520000, 52980000, 63960000, 78780000, 84840000, 85500000, 92820000, 96960000, 98460000, 104880000, 111660000, 116760000, 126840000, 1485780000);
INSERT INTO coffee_re_export VALUES ('Tunisia', 0, 0, 0, 0, 0, 0, 0, 0, 0, 0, 60000, 60000, 60000, 180000, 60000, 0, 540000, 0, 0, 0, 180000, 780000, 1080000, 600000, 0, 60000, 0, 0, 0, 0, 3660000);
INSERT INTO coffee_re_export VALUES ('United Kingdom', 28920000, 29100000, 34200000, 37740000, 49020000, 37980000, 33120000, 30660000, 32220000, 38700000, 39120000, 46260000, 46680000, 45540000, 50280000, 53100000, 56940000, 59340000, 54000000, 53520000, 71580000, 75840000, 72000000, 82800000, 83400000, 78120000, 94080000, 99720000, 113340000, 106800000, 1734120000);
INSERT INTO coffee_re_export VALUES ('United States of America', 49500000, 60600000, 82620000, 103200000, 154320000, 110460000, 122940000, 146760000, 146820000, 130080000, 123300000, 123360000, 131520000, 167880000, 157560000, 147120000, 163260000, 162420000, 171660000, 168120000, 191460000, 223680000, 203040000, 194880000, 201660000, 177480000, 190500000, 175800000, 174120000, 170520000, 4526640000);

